စဥ်,အမျိုးအမည်,ကုန်စည်ဒိုင်,နေ့စွဲ,အချင်အတွယ်,စျေးနှုန်း (မြန်မာကျပ်),အတက်/အကျ,%
1,ဆန်ဧည့်မထ(ထိပ်စ),ဝါးတန်းကုန်စည်ဒိုင်,2024-01-01,kg,"1,520",0,0.00%
2,ဆန်ဧည့်မထ(ထိပ်စ),ဝါးတန်းကုန်စည်ဒိုင်,2024-01-02,kg,"1,520",0,0.00%
3,ဆန်ဧည့်မထ(ထိပ်စ),ဝါးတန်းကုန်စည်ဒိုင်,2024-01-03,kg,"1,520",0,0.00%
4,ဆန်ဧည့်မထ(ထိပ်စ),ဝါးတန်းကုန်စည်ဒိုင်,2024-01-04,kg,"1,520",0,0.00%
5,ဆန်ဧည့်မထ(ထိပ်စ),ဝါးတန်းကုန်စည်ဒိုင်,2024-01-05,kg,"1,520",0,0.00%
6,ဆန်ဧည့်မထ(ထိပ်စ),ဝါးတန်းကုန်စည်ဒိုင်,2024-01-06,kg,"1,520",0,0.00%
7,ဆန်ဧည့်မထ(ထိပ်စ),ဝါးတန်းကုန်စည်ဒိုင်,2024-01-07,kg,"1,520",0,0.00%
8,ဆန်ဧည့်မထ(ထိပ်စ),ဝါးတန်းကုန်စည်ဒိုင်,2024-01-08,kg,"1,520",0,0.00%
9,ဆန်ဧည့်မထ(ထိပ်စ),ဝါးတန်းကုန်စည်ဒိုင်,2024-01-09,kg,"1,540",20,1.32%
10,ဆန်ဧည့်မထ(ထိပ်စ),ဝါးတန်းကုန်စည်ဒိုင်,2024-01-10,kg,"1,540",0,0.00%
11,ဆန်ဧည့်မထ(ထိပ်စ),ဝါးတန်းကုန်စည်ဒိုင်,2024-01-11,kg,"1,540",0,0.00%
12,ဆန်ဧည့်မထ(ထိပ်စ),ဝါးတန်းကုန်စည်ဒိုင်,2024-01-12,kg,"1,540",0,0.00%
13,ဆန်ဧည့်မထ(ထိပ်စ),ဝါးတန်းကုန်စည်ဒိုင်,2024-01-13,kg,"1,540",0,0.00%
14,ဆန်ဧည့်မထ(ထိပ်စ),ဝါးတန်းကုန်စည်ဒိုင်,2024-01-14,kg,"1,540",0,0.00%
15,ဆန်ဧည့်မထ(ထိပ်စ),ဝါးတန်းကုန်စည်ဒိုင်,2024-01-15,kg,"1,580",40,2.60%
16,ဆန်ဧည့်မထ(ထိပ်စ),ဝါးတန်းကုန်စည်ဒိုင်,2024-01-16,kg,"1,580",0,0.00%
17,ဆန်ဧည့်မထ(ထိပ်စ),ဝါးတန်းကုန်စည်ဒိုင်,2024-01-17,kg,"1,580",0,0.00%
18,ဆန်ဧည့်မထ(ထိပ်စ),ဝါးတန်းကုန်စည်ဒိုင်,2024-01-18,kg,"1,580",0,0.00%
19,ဆန်ဧည့်မထ(ထိပ်စ),ဝါးတန်းကုန်စည်ဒိုင်,2024-01-19,kg,"1,580",0,0.00%
20,ဆန်ဧည့်မထ(ထိပ်စ),ဝါးတန်းကုန်စည်ဒိုင်,2024-01-20,kg,"1,580",0,0.00%
21,ဆန်ဧည့်မထ(ထိပ်စ),ဝါးတန်းကုန်စည်ဒိုင်,2024-01-21,kg,"1,580",0,0.00%
22,ဆန်ဧည့်မထ(ထိပ်စ),ဝါးတန်းကုန်စည်ဒိုင်,2024-01-22,kg,"1,640",60,3.80%
23,ဆန်ဧည့်မထ(ထိပ်စ),ဝါးတန်းကုန်စည်ဒိုင်,2024-01-23,kg,"1,640",0,0.00%
24,ဆန်ဧည့်မထ(ထိပ်စ),ဝါးတန်းကုန်စည်ဒိုင်,2024-01-24,kg,"1,640",0,0.00%
25,ဆန်ဧည့်မထ(ထိပ်စ),ဝါးတန်းကုန်စည်ဒိုင်,2024-01-25,kg,"1,640",0,0.00%
26,ဆန်ဧည့်မထ(ထိပ်စ),ဝါးတန်းကုန်စည်ဒိုင်,2024-01-26,kg,"1,640",0,0.00%
27,ဆန်ဧည့်မထ(ထိပ်စ),ဝါးတန်းကုန်စည်ဒိုင်,2024-01-27,kg,"1,640",0,0.00%
28,ဆန်ဧည့်မထ(ထိပ်စ),ဝါးတန်းကုန်စည်ဒိုင်,2024-01-28,kg,"1,640",0,0.00%
29,ဆန်ဧည့်မထ(ထိပ်စ),ဝါးတန်းကုန်စည်ဒိုင်,2024-01-29,kg,"1,680",40,2.44%
30,ဆန်ဧည့်မထ(ထိပ်စ),ဝါးတန်းကုန်စည်ဒိုင်,2024-01-30,kg,"1,680",0,0.00%
31,ဆန်ဧည့်မထ(ထိပ်စ),ဝါးတန်းကုန်စည်ဒိုင်,2024-01-31,kg,"1,680",0,0.00%
32,ဆန်ဧည့်မထ(ထိပ်စ),ဝါးတန်းကုန်စည်ဒိုင်,2024-02-01,kg,"1,680",0,0.00%
33,ဆန်ဧည့်မထ(ထိပ်စ),ဝါးတန်းကုန်စည်ဒိုင်,2024-02-02,kg,"1,680",0,0.00%
34,ဆန်ဧည့်မထ(ထိပ်စ),ဝါးတန်းကုန်စည်ဒိုင်,2024-02-03,kg,"1,680",0,0.00%
35,ဆန်ဧည့်မထ(ထိပ်စ),ဝါးတန်းကုန်စည်ဒိုင်,2024-02-04,kg,"1,680",0,0.00%
36,ဆန်ဧည့်မထ(ထိပ်စ),ဝါးတန်းကုန်စည်ဒိုင်,2024-02-05,kg,"1,680",0,0.00%
37,ဆန်ဧည့်မထ(ထိပ်စ),ဝါးတန်းကုန်စည်ဒိုင်,2024-02-06,kg,"1,680",0,0.00%
38,ဆန်ဧည့်မထ(ထိပ်စ),ဝါးတန်းကုန်စည်ဒိုင်,2024-02-07,kg,"1,680",0,0.00%
39,ဆန်ဧည့်မထ(ထိပ်စ),ဝါးတန်းကုန်စည်ဒိုင်,2024-02-08,kg,"1,680",0,0.00%
40,ဆန်ဧည့်မထ(ထိပ်စ),ဝါးတန်းကုန်စည်ဒိုင်,2024-02-09,kg,"1,680",0,0.00%
41,ဆန်ဧည့်မထ(ထိပ်စ),ဝါးတန်းကုန်စည်ဒိုင်,2024-02-10,kg,"1,680",0,0.00%
42,ဆန်ဧည့်မထ(ထိပ်စ),ဝါးတန်းကုန်စည်ဒိုင်,2024-02-11,kg,"1,680",0,0.00%
43,ဆန်ဧည့်မထ(ထိပ်စ),ဝါးတန်းကုန်စည်ဒိုင်,2024-02-12,kg,"1,680",0,0.00%
44,ဆန်ဧည့်မထ(ထိပ်စ),ဝါးတန်းကုန်စည်ဒိုင်,2024-02-13,kg,"1,680",0,0.00%
45,ဆန်ဧည့်မထ(ထိပ်စ),ဝါးတန်းကုန်စည်ဒိုင်,2024-02-14,kg,"1,680",0,0.00%
46,ဆန်ဧည့်မထ(ထိပ်စ),ဝါးတန်းကုန်စည်ဒိုင်,2024-02-15,kg,"1,680",0,0.00%
47,ဆန်ဧည့်မထ(ထိပ်စ),ဝါးတန်းကုန်စည်ဒိုင်,2024-02-16,kg,"1,680",0,0.00%
48,ဆန်ဧည့်မထ(ထိပ်စ),ဝါးတန်းကုန်စည်ဒိုင်,2024-02-17,kg,"1,680",0,0.00%
49,ဆန်ဧည့်မထ(ထိပ်စ),ဝါးတန်းကုန်စည်ဒိုင်,2024-02-18,kg,"1,680",0,0.00%
50,ဆန်ဧည့်မထ(ထိပ်စ),ဝါးတန်းကုန်စည်ဒိုင်,2024-02-19,kg,"1,680",0,0.00%
51,ဆန်ဧည့်မထ(ထိပ်စ),ဝါးတန်းကုန်စည်ဒိုင်,2024-02-20,kg,"1,680",0,0.00%
52,ဆန်ဧည့်မထ(ထိပ်စ),ဝါးတန်းကုန်စည်ဒိုင်,2024-02-21,kg,"1,680",0,0.00%
53,ဆန်ဧည့်မထ(ထိပ်စ),ဝါးတန်းကုန်စည်ဒိုင်,2024-02-22,kg,"1,680",0,0.00%
54,ဆန်ဧည့်မထ(ထိပ်စ),ဝါးတန်းကုန်စည်ဒိုင်,2024-02-23,kg,"1,680",0,0.00%
55,ဆန်ဧည့်မထ(ထိပ်စ),ဝါးတန်းကုန်စည်ဒိုင်,2024-02-24,kg,"1,680",0,0.00%
56,ဆန်ဧည့်မထ(ထိပ်စ),ဝါးတန်းကုန်စည်ဒိုင်,2024-02-25,kg,"1,680",0,0.00%
57,ဆန်ဧည့်မထ(ထိပ်စ),ဝါးတန်းကုန်စည်ဒိုင်,2024-02-26,kg,"1,680",0,0.00%
58,ဆန်ဧည့်မထ(ထိပ်စ),ဝါးတန်းကုန်စည်ဒိုင်,2024-02-27,kg,"1,680",0,0.00%
59,ဆန်ဧည့်မထ(ထိပ်စ),ဝါးတန်းကုန်စည်ဒိုင်,2024-02-28,kg,"1,680",0,0.00%
60,ဆန်ဧည့်မထ(ထိပ်စ),ဝါးတန်းကုန်စည်ဒိုင်,2024-02-29,kg,"1,680",0,0.00%
61,ဆန်ဧည့်မထ(ထိပ်စ),ဝါးတန်းကုန်စည်ဒိုင်,2024-03-01,kg,"1,680",0,0.00%
62,ဆန်ဧည့်မထ(ထိပ်စ),ဝါးတန်းကုန်စည်ဒိုင်,2024-03-02,kg,"1,680",0,0.00%
63,ဆန်ဧည့်မထ(ထိပ်စ),ဝါးတန်းကုန်စည်ဒိုင်,2024-03-03,kg,"1,680",0,0.00%
64,ဆန်ဧည့်မထ(ထိပ်စ),ဝါးတန်းကုန်စည်ဒိုင်,2024-03-04,kg,"1,640",-40,-2.38%
65,ဆန်ဧည့်မထ(ထိပ်စ),ဝါးတန်းကုန်စည်ဒိုင်,2024-03-05,kg,"1,640",0,0.00%
66,ဆန်ဧည့်မထ(ထိပ်စ),ဝါးတန်းကုန်စည်ဒိုင်,2024-03-06,kg,"1,640",0,0.00%
67,ဆန်ဧည့်မထ(ထိပ်စ),ဝါးတန်းကုန်စည်ဒိုင်,2024-03-07,kg,"1,640",0,0.00%
68,ဆန်ဧည့်မထ(ထိပ်စ),ဝါးတန်းကုန်စည်ဒိုင်,2024-03-08,kg,"1,640",0,0.00%
69,ဆန်ဧည့်မထ(ထိပ်စ),ဝါးတန်းကုန်စည်ဒိုင်,2024-03-09,kg,"1,640",0,0.00%
70,ဆန်ဧည့်မထ(ထိပ်စ),ဝါးတန်းကုန်စည်ဒိုင်,2024-03-10,kg,"1,640",0,0.00%
71,ဆန်ဧည့်မထ(ထိပ်စ),ဝါးတန်းကုန်စည်ဒိုင်,2024-03-11,kg,"1,640",0,0.00%
72,ဆန်ဧည့်မထ(ထိပ်စ),ဝါးတန်းကုန်စည်ဒိုင်,2024-03-12,kg,"1,640",0,0.00%
73,ဆန်ဧည့်မထ(ထိပ်စ),ဝါးတန်းကုန်စည်ဒိုင်,2024-03-13,kg,"1,640",0,0.00%
74,ဆန်ဧည့်မထ(ထိပ်စ),ဝါးတန်းကုန်စည်ဒိုင်,2024-03-14,kg,"1,640",0,0.00%
75,ဆန်ဧည့်မထ(ထိပ်စ),ဝါးတန်းကုန်စည်ဒိုင်,2024-03-15,kg,"1,640",0,0.00%
76,ဆန်ဧည့်မထ(ထိပ်စ),ဝါးတန်းကုန်စည်ဒိုင်,2024-03-16,kg,"1,640",0,0.00%
77,ဆန်ဧည့်မထ(ထိပ်စ),ဝါးတန်းကုန်စည်ဒိုင်,2024-03-17,kg,"1,640",0,0.00%
78,ဆန်ဧည့်မထ(ထိပ်စ),ဝါးတန်းကုန်စည်ဒိုင်,2024-03-18,kg,"1,640",0,0.00%
79,ဆန်ဧည့်မထ(ထိပ်စ),ဝါးတန်းကုန်စည်ဒိုင်,2024-03-19,kg,"1,640",0,0.00%
80,ဆန်ဧည့်မထ(ထိပ်စ),ဝါးတန်းကုန်စည်ဒိုင်,2024-03-20,kg,"1,640",0,0.00%
81,ဆန်ဧည့်မထ(ထိပ်စ),ဝါးတန်းကုန်စည်ဒိုင်,2024-03-21,kg,"1,640",0,0.00%
82,ဆန်ဧည့်မထ(ထိပ်စ),ဝါးတန်းကုန်စည်ဒိုင်,2024-03-22,kg,"1,640",0,0.00%
83,ဆန်ဧည့်မထ(ထိပ်စ),ဝါးတန်းကုန်စည်ဒိုင်,2024-03-23,kg,"1,640",0,0.00%
84,ဆန်ဧည့်မထ(ထိပ်စ),ဝါးတန်းကုန်စည်ဒိုင်,2024-03-24,kg,"1,640",0,0.00%
85,ဆန်ဧည့်မထ(ထိပ်စ),ဝါးတန်းကုန်စည်ဒိုင်,2024-03-25,kg,"1,640",0,0.00%
86,ဆန်ဧည့်မထ(ထိပ်စ),ဝါးတန်းကုန်စည်ဒိုင်,2024-03-26,kg,"1,640",0,0.00%
87,ဆန်ဧည့်မထ(ထိပ်စ),ဝါးတန်းကုန်စည်ဒိုင်,2024-03-27,kg,"1,640",0,0.00%
88,ဆန်ဧည့်မထ(ထိပ်စ),ဝါးတန်းကုန်စည်ဒိုင်,2024-03-28,kg,"1,640",0,0.00%
89,ဆန်ဧည့်မထ(ထိပ်စ),ဝါးတန်းကုန်စည်ဒိုင်,2024-03-29,kg,"1,640",0,0.00%
90,ဆန်ဧည့်မထ(ထိပ်စ),ဝါးတန်းကုန်စည်ဒိုင်,2024-03-30,kg,"1,640",0,0.00%
91,ဆန်ဧည့်မထ(ထိပ်စ),ဝါးတန်းကုန်စည်ဒိုင်,2024-03-31,kg,"1,640",0,0.00%
92,ဆန်ဧည့်မထ(ထိပ်စ),ဝါးတန်းကုန်စည်ဒိုင်,2024-04-01,kg,"1,560",-80,-4.88%
93,ဆန်ဧည့်မထ(ထိပ်စ),ဝါးတန်းကုန်စည်ဒိုင်,2024-04-02,kg,"1,560",0,0.00%
94,ဆန်ဧည့်မထ(ထိပ်စ),ဝါးတန်းကုန်စည်ဒိုင်,2024-04-03,kg,"1,560",0,0.00%
95,ဆန်ဧည့်မထ(ထိပ်စ),ဝါးတန်းကုန်စည်ဒိုင်,2024-04-04,kg,"1,560",0,0.00%
96,ဆန်ဧည့်မထ(ထိပ်စ),ဝါးတန်းကုန်စည်ဒိုင်,2024-04-05,kg,"1,560",0,0.00%
97,ဆန်ဧည့်မထ(ထိပ်စ),ဝါးတန်းကုန်စည်ဒိုင်,2024-04-06,kg,"1,560",0,0.00%
98,ဆန်ဧည့်မထ(ထိပ်စ),ဝါးတန်းကုန်စည်ဒိုင်,2024-04-07,kg,"1,560",0,0.00%
99,ဆန်ဧည့်မထ(ထိပ်စ),ဝါးတန်းကုန်စည်ဒိုင်,2024-04-08,kg,"1,560",0,0.00%
100,ဆန်ဧည့်မထ(ထိပ်စ),ဝါးတန်းကုန်စည်ဒိုင်,2024-04-09,kg,"1,560",0,0.00%
101,ဆန်ဧည့်မထ(ထိပ်စ),ဝါးတန်းကုန်စည်ဒိုင်,2024-04-10,kg,"1,560",0,0.00%
102,ဆန်ဧည့်မထ(ထိပ်စ),ဝါးတန်းကုန်စည်ဒိုင်,2024-04-11,kg,"1,560",0,0.00%
103,ဆန်ဧည့်မထ(ထိပ်စ),ဝါးတန်းကုန်စည်ဒိုင်,2024-04-12,kg,"1,560",0,0.00%
104,ဆန်ဧည့်မထ(ထိပ်စ),ဝါးတန်းကုန်စည်ဒိုင်,2024-04-13,kg,"1,560",0,0.00%
105,ဆန်ဧည့်မထ(ထိပ်စ),ဝါးတန်းကုန်စည်ဒိုင်,2024-04-14,kg,"1,560",0,0.00%
106,ဆန်ဧည့်မထ(ထိပ်စ),ဝါးတန်းကုန်စည်ဒိုင်,2024-04-15,kg,"1,560",0,0.00%
107,ဆန်ဧည့်မထ(ထိပ်စ),ဝါးတန်းကုန်စည်ဒိုင်,2024-04-16,kg,"1,560",0,0.00%
108,ဆန်ဧည့်မထ(ထိပ်စ),ဝါးတန်းကုန်စည်ဒိုင်,2024-04-17,kg,"1,560",0,0.00%
109,ဆန်ဧည့်မထ(ထိပ်စ),ဝါးတန်းကုန်စည်ဒိုင်,2024-04-18,kg,"1,560",0,0.00%
110,ဆန်ဧည့်မထ(ထိပ်စ),ဝါးတန်းကုန်စည်ဒိုင်,2024-04-19,kg,"1,560",0,0.00%
111,ဆန်ဧည့်မထ(ထိပ်စ),ဝါးတန်းကုန်စည်ဒိုင်,2024-04-20,kg,"1,560",0,0.00%
112,ဆန်ဧည့်မထ(ထိပ်စ),ဝါးတန်းကုန်စည်ဒိုင်,2024-04-21,kg,"1,560",0,0.00%
113,ဆန်ဧည့်မထ(ထိပ်စ),ဝါးတန်းကုန်စည်ဒိုင်,2024-04-22,kg,"1,580",20,1.28%
114,ဆန်ဧည့်မထ(ထိပ်စ),ဝါးတန်းကုန်စည်ဒိုင်,2024-04-23,kg,"1,580",0,0.00%
115,ဆန်ဧည့်မထ(ထိပ်စ),ဝါးတန်းကုန်စည်ဒိုင်,2024-04-24,kg,"1,580",0,0.00%
116,ဆန်ဧည့်မထ(ထိပ်စ),ဝါးတန်းကုန်စည်ဒိုင်,2024-04-25,kg,"1,580",0,0.00%
117,ဆန်ဧည့်မထ(ထိပ်စ),ဝါးတန်းကုန်စည်ဒိုင်,2024-04-26,kg,"1,580",0,0.00%
118,ဆန်ဧည့်မထ(ထိပ်စ),ဝါးတန်းကုန်စည်ဒိုင်,2024-04-27,kg,"1,580",0,0.00%
119,ဆန်ဧည့်မထ(ထိပ်စ),ဝါးတန်းကုန်စည်ဒိုင်,2024-04-28,kg,"1,580",0,0.00%
120,ဆန်ဧည့်မထ(ထိပ်စ),ဝါးတန်းကုန်စည်ဒိုင်,2024-04-29,kg,"1,580",0,0.00%
121,ဆန်ဧည့်မထ(ထိပ်စ),ဝါးတန်းကုန်စည်ဒိုင်,2024-04-30,kg,"1,600",20,1.27%
122,ဆန်ဧည့်မထ(ထိပ်စ),ဝါးတန်းကုန်စည်ဒိုင်,2024-05-01,kg,"1,600",0,1.27%
123,ဆန်ဧည့်မထ(ထိပ်စ),ဝါးတန်းကုန်စည်ဒိုင်,2024-05-02,kg,"1,600",0,0.00%
124,ဆန်ဧည့်မထ(ထိပ်စ),ဝါးတန်းကုန်စည်ဒိုင်,2024-05-03,kg,"1,600",0,0.00%
125,ဆန်ဧည့်မထ(ထိပ်စ),ဝါးတန်းကုန်စည်ဒိုင်,2024-05-04,kg,"1,600",0,0.00%
126,ဆန်ဧည့်မထ(ထိပ်စ),ဝါးတန်းကုန်စည်ဒိုင်,2024-05-05,kg,"1,600",0,0.00%
127,ဆန်ဧည့်မထ(ထိပ်စ),ဝါးတန်းကုန်စည်ဒိုင်,2024-05-06,kg,"1,580",-20,-1.25%
128,ဆန်ဧည့်မထ(ထိပ်စ),ဝါးတန်းကုန်စည်ဒိုင်,2024-05-07,kg,"1,580",0,0.00%
129,ဆန်ဧည့်မထ(ထိပ်စ),ဝါးတန်းကုန်စည်ဒိုင်,2024-05-08,kg,"1,560",-20,-1.27%
130,ဆန်ဧည့်မထ(ထိပ်စ),ဝါးတန်းကုန်စည်ဒိုင်,2024-05-09,kg,"1,560",0,0.00%
131,ဆန်ဧည့်မထ(ထိပ်စ),ဝါးတန်းကုန်စည်ဒိုင်,2024-05-10,kg,"1,560",0,0.00%
132,ဆန်ဧည့်မထ(ထိပ်စ),ဝါးတန်းကုန်စည်ဒိုင်,2024-05-11,kg,"1,560",0,0.00%
133,ဆန်ဧည့်မထ(ထိပ်စ),ဝါးတန်းကုန်စည်ဒိုင်,2024-05-12,kg,"1,560",0,0.00%
134,ဆန်ဧည့်မထ(ထိပ်စ),ဝါးတန်းကုန်စည်ဒိုင်,2024-05-13,kg,"1,560",0,0.00%
135,ဆန်ဧည့်မထ(ထိပ်စ),ဝါးတန်းကုန်စည်ဒိုင်,2024-05-14,kg,"1,560",0,0.00%
136,ဆန်ဧည့်မထ(ထိပ်စ),ဝါးတန်းကုန်စည်ဒိုင်,2024-05-15,kg,"1,560",0,0.00%
137,ဆန်ဧည့်မထ(ထိပ်စ),ဝါးတန်းကုန်စည်ဒိုင်,2024-05-16,kg,"1,560",0,0.00%
138,ဆန်ဧည့်မထ(ထိပ်စ),ဝါးတန်းကုန်စည်ဒိုင်,2024-05-17,kg,"1,560",0,0.00%
139,ဆန်ဧည့်မထ(ထိပ်စ),ဝါးတန်းကုန်စည်ဒိုင်,2024-05-18,kg,"1,560",0,0.00%
140,ဆန်ဧည့်မထ(ထိပ်စ),ဝါးတန်းကုန်စည်ဒိုင်,2024-05-19,kg,"1,560",0,0.00%
141,ဆန်ဧည့်မထ(ထိပ်စ),ဝါးတန်းကုန်စည်ဒိုင်,2024-05-20,kg,"1,560",0,0.00%
142,ဆန်ဧည့်မထ(ထိပ်စ),ဝါးတန်းကုန်စည်ဒိုင်,2024-05-21,kg,"1,560",0,0.00%
143,ဆန်ဧည့်မထ(ထိပ်စ),ဝါးတန်းကုန်စည်ဒိုင်,2024-05-22,kg,"1,560",0,0.00%
144,ဆန်ဧည့်မထ(ထိပ်စ),ဝါးတန်းကုန်စည်ဒိုင်,2024-05-23,kg,"1,560",0,0.00%
145,ဆန်ဧည့်မထ(ထိပ်စ),ဝါးတန်းကုန်စည်ဒိုင်,2024-05-24,kg,"1,560",0,0.00%
146,ဆန်ဧည့်မထ(ထိပ်စ),ဝါးတန်းကုန်စည်ဒိုင်,2024-05-25,kg,"1,560",0,0.00%
147,ဆန်ဧည့်မထ(ထိပ်စ),ဝါးတန်းကုန်စည်ဒိုင်,2024-05-26,kg,"1,560",0,0.00%
148,ဆန်ဧည့်မထ(ထိပ်စ),ဝါးတန်းကုန်စည်ဒိုင်,2024-05-27,kg,"1,560",0,0.00%
149,ဆန်ဧည့်မထ(ထိပ်စ),ဝါးတန်းကုန်စည်ဒိုင်,2024-05-28,kg,"1,560",0,0.00%
150,ဆန်ဧည့်မထ(ထိပ်စ),ဝါးတန်းကုန်စည်ဒိုင်,2024-05-29,kg,"1,560",0,0.00%
151,ဆန်ဧည့်မထ(ထိပ်စ),ဝါးတန်းကုန်စည်ဒိုင်,2024-05-30,kg,"1,560",0,0.00%
152,ဆန်ဧည့်မထ(ထိပ်စ),ဝါးတန်းကုန်စည်ဒိုင်,2024-05-31,kg,"1,560",0,0.00%
153,ဆန်ဧည့်မထ(ထိပ်စ),ဝါးတန်းကုန်စည်ဒိုင်,2024-06-01,kg,"1,560",0,0.00%
154,ဆန်ဧည့်မထ(ထိပ်စ),ဝါးတန်းကုန်စည်ဒိုင်,2024-06-02,kg,"1,560",0,0.00%
155,ဆန်ဧည့်မထ(ထိပ်စ),ဝါးတန်းကုန်စည်ဒိုင်,2024-06-03,kg,"1,560",0,0.00%
156,ဆန်ဧည့်မထ(ထိပ်စ),ဝါးတန်းကုန်စည်ဒိုင်,2024-06-04,kg,"1,560",0,0.00%
157,ဆန်ဧည့်မထ(ထိပ်စ),ဝါးတန်းကုန်စည်ဒိုင်,2024-06-05,kg,"1,560",0,0.00%
158,ဆန်ဧည့်မထ(ထိပ်စ),ဝါးတန်းကုန်စည်ဒိုင်,2024-06-06,kg,"1,560",0,0.00%
159,ဆန်ဧည့်မထ(ထိပ်စ),ဝါးတန်းကုန်စည်ဒိုင်,2024-06-07,kg,"1,560",0,0.00%
160,ဆန်ဧည့်မထ(ထိပ်စ),ဝါးတန်းကုန်စည်ဒိုင်,2024-06-08,kg,"1,560",0,0.00%
161,ဆန်ဧည့်မထ(ထိပ်စ),ဝါးတန်းကုန်စည်ဒိုင်,2024-06-09,kg,"1,560",0,0.00%
162,ဆန်ဧည့်မထ(ထိပ်စ),ဝါးတန်းကုန်စည်ဒိုင်,2024-06-10,kg,"1,560",0,0.00%
163,ဆန်ဧည့်မထ(ထိပ်စ),ဝါးတန်းကုန်စည်ဒိုင်,2024-06-11,kg,"1,560",0,0.00%
164,ဆန်ဧည့်မထ(ထိပ်စ),ဝါးတန်းကုန်စည်ဒိုင်,2024-06-12,kg,"1,560",0,0.00%
165,ဆန်ဧည့်မထ(ထိပ်စ),ဝါးတန်းကုန်စည်ဒိုင်,2024-06-13,kg,"1,560",0,0.00%
166,ဆန်ဧည့်မထ(ထိပ်စ),ဝါးတန်းကုန်စည်ဒိုင်,2024-06-14,kg,"1,560",0,0.00%
167,ဆန်ဧည့်မထ(ထိပ်စ),ဝါးတန်းကုန်စည်ဒိုင်,2024-06-15,kg,"1,560",0,0.00%
168,ဆန်ဧည့်မထ(ထိပ်စ),ဝါးတန်းကုန်စည်ဒိုင်,2024-06-16,kg,"1,560",0,0.00%
169,ဆန်ဧည့်မထ(ထိပ်စ),ဝါးတန်းကုန်စည်ဒိုင်,2024-06-17,kg,"1,560",0,0.00%
170,ဆန်ဧည့်မထ(ထိပ်စ),ဝါးတန်းကုန်စည်ဒိုင်,2024-06-18,kg,"1,560",0,0.00%
171,ဆန်ဧည့်မထ(ထိပ်စ),ဝါးတန်းကုန်စည်ဒိုင်,2024-06-19,kg,"1,560",0,0.00%
172,ဆန်ဧည့်မထ(ထိပ်စ),ဝါးတန်းကုန်စည်ဒိုင်,2024-06-20,kg,"1,560",0,0.00%
173,ဆန်ဧည့်မထ(ထိပ်စ),ဝါးတန်းကုန်စည်ဒိုင်,2024-06-21,kg,"1,560",0,0.00%
174,ဆန်ဧည့်မထ(ထိပ်စ),ဝါးတန်းကုန်စည်ဒိုင်,2024-06-22,kg,"1,560",0,0.00%
175,ဆန်ဧည့်မထ(ထိပ်စ),ဝါးတန်းကုန်စည်ဒိုင်,2024-06-23,kg,"1,560",0,0.00%
176,ဆန်ဧည့်မထ(ထိပ်စ),ဝါးတန်းကုန်စည်ဒိုင်,2024-06-24,kg,"1,560",0,0.00%
177,ဆန်ဧည့်မထ(ထိပ်စ),ဝါးတန်းကုန်စည်ဒိုင်,2024-06-25,kg,"1,560",0,0.00%
178,ဆန်ဧည့်မထ(ထိပ်စ),ဝါးတန်းကုန်စည်ဒိုင်,2024-06-26,kg,"1,560",0,0.00%
179,ဆန်ဧည့်မထ(ထိပ်စ),ဝါးတန်းကုန်စည်ဒိုင်,2024-06-27,kg,"1,560",0,0.00%
180,ဆန်ဧည့်မထ(ထိပ်စ),ဝါးတန်းကုန်စည်ဒိုင်,2024-06-28,kg,"1,560",0,0.00%
181,ဆန်ဧည့်မထ(ထိပ်စ),ဝါးတန်းကုန်စည်ဒိုင်,2024-06-29,kg,"1,560",0,0.00%
182,ဆန်ဧည့်မထ(ထိပ်စ),ဝါးတန်းကုန်စည်ဒိုင်,2024-06-30,kg,"1,560",0,0.00%
183,ဆန်ဧည့်မထ(ထိပ်စ),ဝါးတန်းကုန်စည်ဒိုင်,2024-07-01,kg,"1,560",0,0.00%
184,ဆန်ဧည့်မထ(ထိပ်စ),ဝါးတန်းကုန်စည်ဒိုင်,2024-07-02,kg,"1,560",0,0.00%
185,ဆန်ဧည့်မထ(ထိပ်စ),ဝါးတန်းကုန်စည်ဒိုင်,2024-07-03,kg,"1,560",0,0.00%
186,ဆန်ဧည့်မထ(ထိပ်စ),ဝါးတန်းကုန်စည်ဒိုင်,2024-07-04,kg,"1,560",0,0.00%
187,ဆန်ဧည့်မထ(ထိပ်စ),ဝါးတန်းကုန်စည်ဒိုင်,2024-07-05,kg,"1,560",0,0.00%
188,ဆန်ဧည့်မထ(ထိပ်စ),ဝါးတန်းကုန်စည်ဒိုင်,2024-07-06,kg,"1,560",0,0.00%
189,ဆန်ဧည့်မထ(ထိပ်စ),ဝါးတန်းကုန်စည်ဒိုင်,2024-07-07,kg,"1,560",0,0.00%
190,ဆန်ဧည့်မထ(ထိပ်စ),ဝါးတန်းကုန်စည်ဒိုင်,2024-07-08,kg,"1,560",0,0.00%
191,ဆန်ဧည့်မထ(ထိပ်စ),ဝါးတန်းကုန်စည်ဒိုင်,2024-07-09,kg,"1,560",0,0.00%
192,ဆန်ဧည့်မထ(ထိပ်စ),ဝါးတန်းကုန်စည်ဒိုင်,2024-07-10,kg,"1,560",0,0.00%
193,ဆန်ဧည့်မထ(ထိပ်စ),ဝါးတန်းကုန်စည်ဒိုင်,2024-07-11,kg,"1,560",0,0.00%
194,ဆန်ဧည့်မထ(ထိပ်စ),ဝါးတန်းကုန်စည်ဒိုင်,2024-07-12,kg,"1,560",0,0.00%
195,ဆန်ဧည့်မထ(ထိပ်စ),ဝါးတန်းကုန်စည်ဒိုင်,2024-07-13,kg,"1,560",0,0.00%
196,ဆန်ဧည့်မထ(ထိပ်စ),ဝါးတန်းကုန်စည်ဒိုင်,2024-07-14,kg,"1,560",0,0.00%
197,ဆန်ဧည့်မထ(ထိပ်စ),ဝါးတန်းကုန်စည်ဒိုင်,2024-07-15,kg,"1,560",0,0.00%
198,ဆန်ဧည့်မထ(ထိပ်စ),ဝါးတန်းကုန်စည်ဒိုင်,2024-07-16,kg,"1,560",0,0.00%
199,ဆန်ဧည့်မထ(ထိပ်စ),ဝါးတန်းကုန်စည်ဒိုင်,2024-07-17,kg,"1,560",0,0.00%
200,ဆန်ဧည့်မထ(ထိပ်စ),ဝါးတန်းကုန်စည်ဒိုင်,2024-07-18,kg,"1,560",0,0.00%
201,ဆန်ဧည့်မထ(ထိပ်စ),ဝါးတန်းကုန်စည်ဒိုင်,2024-07-19,kg,"1,560",0,0.00%
202,ဆန်ဧည့်မထ(ထိပ်စ),ဝါးတန်းကုန်စည်ဒိုင်,2024-07-20,kg,"1,560",0,0.00%
203,ဆန်ဧည့်မထ(ထိပ်စ),ဝါးတန်းကုန်စည်ဒိုင်,2024-07-21,kg,"1,560",0,0.00%
204,ဆန်ဧည့်မထ(ထိပ်စ),ဝါးတန်းကုန်စည်ဒိုင်,2024-07-22,kg,"1,560",0,0.00%
205,ဆန်ဧည့်မထ(ထိပ်စ),ဝါးတန်းကုန်စည်ဒိုင်,2024-07-23,kg,"1,560",0,0.00%
206,ဆန်ဧည့်မထ(ထိပ်စ),ဝါးတန်းကုန်စည်ဒိုင်,2024-07-24,kg,"1,560",0,0.00%
207,ဆန်ဧည့်မထ(ထိပ်စ),ဝါးတန်းကုန်စည်ဒိုင်,2024-07-25,kg,"1,560",0,0.00%
208,ဆန်ဧည့်မထ(ထိပ်စ),ဝါးတန်းကုန်စည်ဒိုင်,2024-07-26,kg,"1,560",0,0.00%
209,ဆန်ဧည့်မထ(ထိပ်စ),ဝါးတန်းကုန်စည်ဒိုင်,2024-07-27,kg,"1,560",0,0.00%
210,ဆန်ဧည့်မထ(ထိပ်စ),ဝါးတန်းကုန်စည်ဒိုင်,2024-07-28,kg,"1,560",0,0.00%
211,ဆန်ဧည့်မထ(ထိပ်စ),ဝါးတန်းကုန်စည်ဒိုင်,2024-07-29,kg,"1,560",0,0.00%
212,ဆန်ဧည့်မထ(ထိပ်စ),ဝါးတန်းကုန်စည်ဒိုင်,2024-07-30,kg,"1,560",0,0.00%
213,ဆန်ဧည့်မထ(ထိပ်စ),ဝါးတန်းကုန်စည်ဒိုင်,2024-07-31,kg,"1,560",0,0.00%
214,ဆန်ဧည့်မထ(ထိပ်စ),ဝါးတန်းကုန်စည်ဒိုင်,2024-08-01,kg,"1,560",0,0.00%
215,ဆန်ဧည့်မထ(ထိပ်စ),ဝါးတန်းကုန်စည်ဒိုင်,2024-08-02,kg,"1,560",0,0.00%
216,ဆန်ဧည့်မထ(ထိပ်စ),ဝါးတန်းကုန်စည်ဒိုင်,2024-08-03,kg,"1,560",0,0.00%
217,ဆန်ဧည့်မထ(ထိပ်စ),ဝါးတန်းကုန်စည်ဒိုင်,2024-08-04,kg,"1,560",0,0.00%
218,ဆန်ဧည့်မထ(ထိပ်စ),ဝါးတန်းကုန်စည်ဒိုင်,2024-08-05,kg,"1,560",0,0.00%
219,ဆန်ဧည့်မထ(ထိပ်စ),ဝါးတန်းကုန်စည်ဒိုင်,2024-08-06,kg,"1,560",0,0.00%
220,ဆန်ဧည့်မထ(ထိပ်စ),ဝါးတန်းကုန်စည်ဒိုင်,2024-08-07,kg,"1,560",0,0.00%
221,ဆန်ဧည့်မထ(ထိပ်စ),ဝါးတန်းကုန်စည်ဒိုင်,2024-08-08,kg,"1,520",-40,-2.56%
222,ဆန်ဧည့်မထ(ထိပ်စ),ဝါးတန်းကုန်စည်ဒိုင်,2024-08-09,kg,"1,520",0,0.00%
223,ဆန်ဧည့်မထ(ထိပ်စ),ဝါးတန်းကုန်စည်ဒိုင်,2024-08-10,kg,"1,520",0,0.00%
224,ဆန်ဧည့်မထ(ထိပ်စ),ဝါးတန်းကုန်စည်ဒိုင်,2024-08-11,kg,"1,520",0,0.00%
225,ဆန်ဧည့်မထ(ထိပ်စ),ဝါးတန်းကုန်စည်ဒိုင်,2024-08-12,kg,"1,520",0,0.00%
226,ဆန်ဧည့်မထ(ထိပ်စ),ဝါးတန်းကုန်စည်ဒိုင်,2024-08-13,kg,"1,520",0,0.00%
227,ဆန်ဧည့်မထ(ထိပ်စ),ဝါးတန်းကုန်စည်ဒိုင်,2024-08-14,kg,"1,520",0,0.00%
228,ဆန်ဧည့်မထ(ထိပ်စ),ဝါးတန်းကုန်စည်ဒိုင်,2024-08-15,kg,"1,520",0,0.00%
229,ဆန်ဧည့်မထ(ထိပ်စ),ဝါးတန်းကုန်စည်ဒိုင်,2024-08-16,kg,"1,520",0,0.00%
230,ဆန်ဧည့်မထ(ထိပ်စ),ဝါးတန်းကုန်စည်ဒိုင်,2024-08-17,kg,"1,520",0,0.00%
231,ဆန်ဧည့်မထ(ထိပ်စ),ဝါးတန်းကုန်စည်ဒိုင်,2024-08-18,kg,"1,520",0,0.00%
232,ဆန်ဧည့်မထ(ထိပ်စ),ဝါးတန်းကုန်စည်ဒိုင်,2024-08-19,kg,"1,520",0,0.00%
233,ဆန်ဧည့်မထ(ထိပ်စ),ဝါးတန်းကုန်စည်ဒိုင်,2024-08-20,kg,"1,520",0,0.00%
234,ဆန်ဧည့်မထ(ထိပ်စ),ဝါးတန်းကုန်စည်ဒိုင်,2024-08-21,kg,"1,520",0,0.00%
235,ဆန်ဧည့်မထ(ထိပ်စ),ဝါးတန်းကုန်စည်ဒိုင်,2024-08-22,kg,"1,520",0,0.00%
236,ဆန်ဧည့်မထ(ထိပ်စ),ဝါးတန်းကုန်စည်ဒိုင်,2024-08-23,kg,"1,520",0,0.00%
237,ဆန်ဧည့်မထ(ထိပ်စ),ဝါးတန်းကုန်စည်ဒိုင်,2024-08-24,kg,"1,520",0,0.00%
238,ဆန်ဧည့်မထ(ထိပ်စ),ဝါးတန်းကုန်စည်ဒိုင်,2024-08-25,kg,"1,520",0,0.00%
239,ဆန်ဧည့်မထ(ထိပ်စ),ဝါးတန်းကုန်စည်ဒိုင်,2024-08-26,kg,"1,520",0,0.00%
240,ဆန်ဧည့်မထ(ထိပ်စ),ဝါးတန်းကုန်စည်ဒိုင်,2024-08-27,kg,"1,520",0,0.00%
241,ဆန်ဧည့်မထ(ထိပ်စ),ဝါးတန်းကုန်စည်ဒိုင်,2024-08-28,kg,"1,520",0,0.00%
242,ဆန်ဧည့်မထ(ထိပ်စ),ဝါးတန်းကုန်စည်ဒိုင်,2024-08-29,kg,"1,560",40,2.63%
243,ဆန်ဧည့်မထ(ထိပ်စ),ဝါးတန်းကုန်စည်ဒိုင်,2024-08-30,kg,"1,560",0,0.00%
244,ဆန်ဧည့်မထ(ထိပ်စ),ဝါးတန်းကုန်စည်ဒိုင်,2024-08-31,kg,"1,560",0,0.00%
245,ဆန်ဧည့်မထ(ထိပ်စ),ဝါးတန်းကုန်စည်ဒိုင်,2024-09-01,kg,"1,560",0,0.00%
246,ဆန်ဧည့်မထ(ထိပ်စ),ဝါးတန်းကုန်စည်ဒိုင်,2024-09-02,kg,"1,560",0,0.00%
247,ဆန်ဧည့်မထ(ထိပ်စ),ဝါးတန်းကုန်စည်ဒိုင်,2024-09-03,kg,"1,560",0,0.00%
248,ဆန်ဧည့်မထ(ထိပ်စ),ဝါးတန်းကုန်စည်ဒိုင်,2024-09-04,kg,"1,560",0,0.00%
249,ဆန်ဧည့်မထ(ထိပ်စ),ဝါးတန်းကုန်စည်ဒိုင်,2024-09-05,kg,"1,560",0,0.00%
250,ဆန်ဧည့်မထ(ထိပ်စ),ဝါးတန်းကုန်စည်ဒိုင်,2024-09-06,kg,"1,560",0,0.00%
251,ဆန်ဧည့်မထ(ထိပ်စ),ဝါးတန်းကုန်စည်ဒိုင်,2024-09-07,kg,"1,560",0,0.00%
252,ဆန်ဧည့်မထ(ထိပ်စ),ဝါးတန်းကုန်စည်ဒိုင်,2024-09-08,kg,"1,560",0,0.00%
253,ဆန်ဧည့်မထ(ထိပ်စ),ဝါးတန်းကုန်စည်ဒိုင်,2024-09-09,kg,"1,560",0,0.00%
254,ဆန်ဧည့်မထ(ထိပ်စ),ဝါးတန်းကုန်စည်ဒိုင်,2024-09-10,kg,"1,560",0,0.00%
255,ဆန်ဧည့်မထ(ထိပ်စ),ဝါးတန်းကုန်စည်ဒိုင်,2024-09-11,kg,"1,560",0,0.00%
256,ဆန်ဧည့်မထ(ထိပ်စ),ဝါးတန်းကုန်စည်ဒိုင်,2024-09-12,kg,"1,560",0,0.00%
257,ဆန်ဧည့်မထ(ထိပ်စ),ဝါးတန်းကုန်စည်ဒိုင်,2024-09-13,kg,"1,560",0,0.00%
258,ဆန်ဧည့်မထ(ထိပ်စ),ဝါးတန်းကုန်စည်ဒိုင်,2024-09-14,kg,"1,560",0,0.00%
259,ဆန်ဧည့်မထ(ထိပ်စ),ဝါးတန်းကုန်စည်ဒိုင်,2024-09-15,kg,"1,560",0,0.00%
260,ဆန်ဧည့်မထ(ထိပ်စ),ဝါးတန်းကုန်စည်ဒိုင်,2024-09-16,kg,"1,560",0,0.00%
261,ဆန်ဧည့်မထ(ထိပ်စ),ဝါးတန်းကုန်စည်ဒိုင်,2024-09-17,kg,"1,560",0,0.00%
262,ဆန်ဧည့်မထ(ထိပ်စ),ဝါးတန်းကုန်စည်ဒိုင်,2024-09-18,kg,"1,560",0,0.00%
263,ဆန်ဧည့်မထ(ထိပ်စ),ဝါးတန်းကုန်စည်ဒိုင်,2024-09-19,kg,"1,560",0,0.00%
264,ဆန်ဧည့်မထ(ထိပ်စ),ဝါးတန်းကုန်စည်ဒိုင်,2024-09-20,kg,"1,560",0,0.00%
265,ဆန်ဧည့်မထ(ထိပ်စ),ဝါးတန်းကုန်စည်ဒိုင်,2024-09-21,kg,"1,560",0,0.00%
266,ဆန်ဧည့်မထ(ထိပ်စ),ဝါးတန်းကုန်စည်ဒိုင်,2024-09-22,kg,"1,560",0,0.00%
267,ဆန်ဧည့်မထ(ထိပ်စ),ဝါးတန်းကုန်စည်ဒိုင်,2024-09-23,kg,"1,560",0,0.00%
268,ဆန်ဧည့်မထ(ထိပ်စ),ဝါးတန်းကုန်စည်ဒိုင်,2024-09-24,kg,"1,560",0,0.00%
269,ဆန်ဧည့်မထ(ထိပ်စ),ဝါးတန်းကုန်စည်ဒိုင်,2024-09-25,kg,"1,560",0,0.00%
270,ဆန်ဧည့်မထ(ထိပ်စ),ဝါးတန်းကုန်စည်ဒိုင်,2024-09-26,kg,"1,560",0,0.00%
271,ဆန်ဧည့်မထ(ထိပ်စ),ဝါးတန်းကုန်စည်ဒိုင်,2024-09-27,kg,"1,560",0,0.00%
272,ဆန်ဧည့်မထ(ထိပ်စ),ဝါးတန်းကုန်စည်ဒိုင်,2024-09-28,kg,"1,560",0,0.00%
273,ဆန်ဧည့်မထ(ထိပ်စ),ဝါးတန်းကုန်စည်ဒိုင်,2024-09-29,kg,"1,560",0,0.00%
274,ဆန်ဧည့်မထ(ထိပ်စ),ဝါးတန်းကုန်စည်ဒိုင်,2024-09-30,kg,"1,560",0,0.00%
275,ဆန်ဧည့်မထ(ထိပ်စ),ဝါးတန်းကုန်စည်ဒိုင်,2024-10-01,kg,"1,560",0,0.00%
276,ဆန်ဧည့်မထ(ထိပ်စ),ဝါးတန်းကုန်စည်ဒိုင်,2024-10-02,kg,"1,560",0,0.00%
277,ဆန်ဧည့်မထ(ထိပ်စ),ဝါးတန်းကုန်စည်ဒိုင်,2024-10-03,kg,"1,560",0,0.00%
278,ဆန်ဧည့်မထ(ထိပ်စ),ဝါးတန်းကုန်စည်ဒိုင်,2024-10-04,kg,"1,560",0,0.00%
279,ဆန်ဧည့်မထ(ထိပ်စ),ဝါးတန်းကုန်စည်ဒိုင်,2024-10-05,kg,"1,560",0,0.00%
280,ဆန်ဧည့်မထ(ထိပ်စ),ဝါးတန်းကုန်စည်ဒိုင်,2024-10-06,kg,"1,560",0,0.00%
281,ဆန်ဧည့်မထ(ထိပ်စ),ဝါးတန်းကုန်စည်ဒိုင်,2024-10-07,kg,"1,560",0,0.00%
282,ဆန်ဧည့်မထ(ထိပ်စ),ဝါးတန်းကုန်စည်ဒိုင်,2024-10-08,kg,"1,560",0,0.00%
283,ဆန်ဧည့်မထ(ထိပ်စ),ဝါးတန်းကုန်စည်ဒိုင်,2024-10-09,kg,"1,560",0,0.00%
284,ဆန်ဧည့်မထ(ထိပ်စ),ဝါးတန်းကုန်စည်ဒိုင်,2024-10-10,kg,"1,560",0,0.00%
285,ဆန်ဧည့်မထ(ထိပ်စ),ဝါးတန်းကုန်စည်ဒိုင်,2024-10-11,kg,"1,560",0,0.00%
286,ဆန်ဧည့်မထ(ထိပ်စ),ဝါးတန်းကုန်စည်ဒိုင်,2024-10-12,kg,"1,560",0,0.00%
287,ဆန်ဧည့်မထ(ထိပ်စ),ဝါးတန်းကုန်စည်ဒိုင်,2024-10-13,kg,"1,560",0,0.00%
288,ဆန်ဧည့်မထ(ထိပ်စ),ဝါးတန်းကုန်စည်ဒိုင်,2024-10-14,kg,"1,560",0,0.00%
289,ဆန်ဧည့်မထ(ထိပ်စ),ဝါးတန်းကုန်စည်ဒိုင်,2024-10-15,kg,"1,560",0,0.00%
290,ဆန်ဧည့်မထ(ထိပ်စ),ဝါးတန်းကုန်စည်ဒိုင်,2024-10-16,kg,"1,560",0,0.00%
291,ဆန်ဧည့်မထ(ထိပ်စ),ဝါးတန်းကုန်စည်ဒိုင်,2024-10-17,kg,"1,560",0,0.00%
292,ဆန်ဧည့်မထ(ထိပ်စ),ဝါးတန်းကုန်စည်ဒိုင်,2024-10-18,kg,"1,560",0,0.00%
293,ဆန်ဧည့်မထ(ထိပ်စ),ဝါးတန်းကုန်စည်ဒိုင်,2024-10-19,kg,"1,560",0,0.00%
294,ဆန်ဧည့်မထ(ထိပ်စ),ဝါးတန်းကုန်စည်ဒိုင်,2024-10-20,kg,"1,560",0,0.00%
295,ဆန်ဧည့်မထ(ထိပ်စ),ဝါးတန်းကုန်စည်ဒိုင်,2024-10-21,kg,"1,560",0,0.00%
296,ဆန်ဧည့်မထ(ထိပ်စ),ဝါးတန်းကုန်စည်ဒိုင်,2024-10-22,kg,"1,560",0,0.00%
297,ဆန်ဧည့်မထ(ထိပ်စ),ဝါးတန်းကုန်စည်ဒိုင်,2024-10-23,kg,"1,560",0,0.00%
298,ဆန်ဧည့်မထ(ထိပ်စ),ဝါးတန်းကုန်စည်ဒိုင်,2024-10-24,kg,"1,560",0,0.00%
299,ဆန်ဧည့်မထ(ထိပ်စ),ဝါးတန်းကုန်စည်ဒိုင်,2024-10-25,kg,"1,560",0,0.00%
300,ဆန်ဧည့်မထ(ထိပ်စ),ဝါးတန်းကုန်စည်ဒိုင်,2024-10-26,kg,"1,560",0,0.00%
301,ဆန်ဧည့်မထ(ထိပ်စ),ဝါးတန်းကုန်စည်ဒိုင်,2024-10-27,kg,"1,560",0,0.00%
302,ဆန်ဧည့်မထ(ထိပ်စ),ဝါးတန်းကုန်စည်ဒိုင်,2024-10-28,kg,"1,560",0,0.00%
303,ဆန်ဧည့်မထ(ထိပ်စ),ဝါးတန်းကုန်စည်ဒိုင်,2024-10-29,kg,"1,560",0,0.00%
304,ဆန်ဧည့်မထ(ထိပ်စ),ဝါးတန်းကုန်စည်ဒိုင်,2024-10-30,kg,"1,560",0,0.00%
305,ဆန်ဧည့်မထ(ထိပ်စ),ဝါးတန်းကုန်စည်ဒိုင်,2024-10-31,kg,"1,560",0,0.00%
306,ဆန်ဧည့်မထ(ထိပ်စ),ဝါးတန်းကုန်စည်ဒိုင်,2024-11-01,kg,"1,560",0,0.00%
307,ဆန်ဧည့်မထ(ထိပ်စ),ဝါးတန်းကုန်စည်ဒိုင်,2024-11-02,kg,"1,560",0,0.00%
308,ဆန်ဧည့်မထ(ထိပ်စ),ဝါးတန်းကုန်စည်ဒိုင်,2024-11-03,kg,"1,560",0,0.00%
309,ဆန်ဧည့်မထ(ထိပ်စ),ဝါးတန်းကုန်စည်ဒိုင်,2024-11-04,kg,"1,560",0,0.00%
310,ဆန်ဧည့်မထ(ထိပ်စ),ဝါးတန်းကုန်စည်ဒိုင်,2024-11-05,kg,"1,560",0,0.00%
311,ဆန်ဧည့်မထ(ထိပ်စ),ဝါးတန်းကုန်စည်ဒိုင်,2024-11-06,kg,"1,560",0,0.00%
312,ဆန်ဧည့်မထ(ထိပ်စ),ဝါးတန်းကုန်စည်ဒိုင်,2024-11-07,kg,"1,560",0,0.00%
313,ဆန်ဧည့်မထ(ထိပ်စ),ဝါးတန်းကုန်စည်ဒိုင်,2024-11-08,kg,"1,560",0,0.00%
314,ဆန်ဧည့်မထ(ထိပ်စ),ဝါးတန်းကုန်စည်ဒိုင်,2024-11-09,kg,"1,560",0,0.00%
315,ဆန်ဧည့်မထ(ထိပ်စ),ဝါးတန်းကုန်စည်ဒိုင်,2024-11-10,kg,"1,560",0,0.00%
316,ဆန်ဧည့်မထ(ထိပ်စ),ဝါးတန်းကုန်စည်ဒိုင်,2024-11-11,kg,"1,560",0,0.00%
317,ဆန်ဧည့်မထ(ထိပ်စ),ဝါးတန်းကုန်စည်ဒိုင်,2024-11-12,kg,"1,560",0,0.00%
318,ဆန်ဧည့်မထ(ထိပ်စ),ဝါးတန်းကုန်စည်ဒိုင်,2024-11-13,kg,"1,560",0,0.00%
319,ဆန်ဧည့်မထ(ထိပ်စ),ဝါးတန်းကုန်စည်ဒိုင်,2024-11-14,kg,"1,560",0,0.00%
320,ဆန်ဧည့်မထ(ထိပ်စ),ဝါးတန်းကုန်စည်ဒိုင်,2024-11-15,kg,"1,560",0,0.00%
321,ဆန်ဧည့်မထ(ထိပ်စ),ဝါးတန်းကုန်စည်ဒိုင်,2024-11-16,kg,"1,560",0,0.00%
322,ဆန်ဧည့်မထ(ထိပ်စ),ဝါးတန်းကုန်စည်ဒိုင်,2024-11-17,kg,"1,560",0,0.00%
323,ဆန်ဧည့်မထ(ထိပ်စ),ဝါးတန်းကုန်စည်ဒိုင်,2024-11-18,kg,"1,560",0,0.00%
324,ဆန်ဧည့်မထ(ထိပ်စ),ဝါးတန်းကုန်စည်ဒိုင်,2024-11-19,kg,"1,560",0,0.00%
325,ဆန်ဧည့်မထ(ထိပ်စ),ဝါးတန်းကုန်စည်ဒိုင်,2024-11-20,kg,"1,560",0,0.00%
326,ဆန်ဧည့်မထ(ထိပ်စ),ဝါးတန်းကုန်စည်ဒိုင်,2024-11-21,kg,"1,560",0,0.00%
327,ဆန်ဧည့်မထ(ထိပ်စ),ဝါးတန်းကုန်စည်ဒိုင်,2024-11-22,kg,"1,560",0,0.00%
328,ဆန်ဧည့်မထ(ထိပ်စ),ဝါးတန်းကုန်စည်ဒိုင်,2024-11-23,kg,"1,560",0,0.00%
329,ဆန်ဧည့်မထ(ထိပ်စ),ဝါးတန်းကုန်စည်ဒိုင်,2024-11-24,kg,"1,560",0,0.00%
330,ဆန်ဧည့်မထ(ထိပ်စ),ဝါးတန်းကုန်စည်ဒိုင်,2024-11-25,kg,"1,560",0,0.00%
331,ဆန်ဧည့်မထ(ထိပ်စ),ဝါးတန်းကုန်စည်ဒိုင်,2024-11-26,kg,"1,560",0,0.00%
332,ဆန်ဧည့်မထ(ထိပ်စ),ဝါးတန်းကုန်စည်ဒိုင်,2024-11-27,kg,"1,560",0,0.00%
333,ဆန်ဧည့်မထ(ထိပ်စ),ဝါးတန်းကုန်စည်ဒိုင်,2024-11-28,kg,"1,560",0,0.00%
334,ဆန်ဧည့်မထ(ထိပ်စ),ဝါးတန်းကုန်စည်ဒိုင်,2024-11-29,kg,"1,560",0,0.00%
335,ဆန်ဧည့်မထ(ထိပ်စ),ဝါးတန်းကုန်စည်ဒိုင်,2024-11-30,kg,"1,560",0,0.00%
336,ဆန်ဧည့်မထ(ထိပ်စ),ဝါးတန်းကုန်စည်ဒိုင်,2024-12-01,kg,"1,560",0,0.00%
337,ဆန်ဧည့်မထ(ထိပ်စ),ဝါးတန်းကုန်စည်ဒိုင်,2024-12-02,kg,"1,560",0,0.00%
338,ဆန်ဧည့်မထ(ထိပ်စ),ဝါးတန်းကုန်စည်ဒိုင်,2024-12-03,kg,"1,560",0,0.00%
339,ဆန်ဧည့်မထ(ထိပ်စ),ဝါးတန်းကုန်စည်ဒိုင်,2024-12-04,kg,"1,560",0,0.00%
340,ဆန်ဧည့်မထ(ထိပ်စ),ဝါးတန်းကုန်စည်ဒိုင်,2024-12-05,kg,"1,560",0,0.00%
341,ဆန်ဧည့်မထ(ထိပ်စ),ဝါးတန်းကုန်စည်ဒိုင်,2024-12-06,kg,"1,560",0,0.00%
342,ဆန်ဧည့်မထ(ထိပ်စ),ဝါးတန်းကုန်စည်ဒိုင်,2024-12-07,kg,"1,560",0,0.00%
343,ဆန်ဧည့်မထ(ထိပ်စ),ဝါးတန်းကုန်စည်ဒိုင်,2024-12-08,kg,"1,560",0,0.00%
344,ဆန်ဧည့်မထ(ထိပ်စ),ဝါးတန်းကုန်စည်ဒိုင်,2024-12-09,kg,"1,560",0,0.00%
345,ဆန်ဧည့်မထ(ထိပ်စ),ဝါးတန်းကုန်စည်ဒိုင်,2024-12-10,kg,"1,560",0,0.00%
346,ဆန်ဧည့်မထ(ထိပ်စ),ဝါးတန်းကုန်စည်ဒိုင်,2024-12-11,kg,"1,560",0,0.00%
347,ဆန်ဧည့်မထ(ထိပ်စ),ဝါးတန်းကုန်စည်ဒိုင်,2024-12-12,kg,"1,560",0,0.00%
348,ဆန်ဧည့်မထ(ထိပ်စ),ဝါးတန်းကုန်စည်ဒိုင်,2024-12-13,kg,"1,560",0,0.00%
349,ဆန်ဧည့်မထ(ထိပ်စ),ဝါးတန်းကုန်စည်ဒိုင်,2024-12-14,kg,"1,560",0,0.00%
350,ဆန်ဧည့်မထ(ထိပ်စ),ဝါးတန်းကုန်စည်ဒိုင်,2024-12-15,kg,"1,560",0,0.00%
351,ဆန်ဧည့်မထ(ထိပ်စ),ဝါးတန်းကုန်စည်ဒိုင်,2024-12-16,kg,"1,560",0,0.00%
352,ဆန်ဧည့်မထ(ထိပ်စ),ဝါးတန်းကုန်စည်ဒိုင်,2024-12-17,kg,"1,560",0,0.00%
353,ဆန်ဧည့်မထ(ထိပ်စ),ဝါးတန်းကုန်စည်ဒိုင်,2024-12-18,kg,"1,560",0,0.00%
354,ဆန်ဧည့်မထ(ထိပ်စ),ဝါးတန်းကုန်စည်ဒိုင်,2024-12-19,kg,"1,560",0,0.00%
355,ဆန်ဧည့်မထ(ထိပ်စ),ဝါးတန်းကုန်စည်ဒိုင်,2024-12-20,kg,"1,560",0,0.00%
356,ဆန်ဧည့်မထ(ထိပ်စ),ဝါးတန်းကုန်စည်ဒိုင်,2024-12-21,kg,"1,560",0,0.00%
357,ဆန်ဧည့်မထ(ထိပ်စ),ဝါးတန်းကုန်စည်ဒိုင်,2024-12-22,kg,"1,560",0,0.00%
358,ဆန်ဧည့်မထ(ထိပ်စ),ဝါးတန်းကုန်စည်ဒိုင်,2024-12-23,kg,"1,560",0,0.00%
359,ဆန်ဧည့်မထ(ထိပ်စ),ဝါးတန်းကုန်စည်ဒိုင်,2024-12-24,kg,"1,560",0,0.00%
360,ဆန်ဧည့်မထ(ထိပ်စ),ဝါးတန်းကုန်စည်ဒိုင်,2024-12-25,kg,"1,560",0,0.00%
361,ဆန်ဧည့်မထ(ထိပ်စ),ဝါးတန်းကုန်စည်ဒိုင်,2024-12-26,kg,"1,560",0,0.00%
362,ဆန်ဧည့်မထ(ထိပ်စ),ဝါးတန်းကုန်စည်ဒိုင်,2024-12-27,kg,"1,560",0,0.00%
363,ဆန်ဧည့်မထ(ထိပ်စ),ဝါးတန်းကုန်စည်ဒိုင်,2024-12-28,kg,"1,560",0,0.00%
364,ဆန်ဧည့်မထ(ထိပ်စ),ဝါးတန်းကုန်စည်ဒိုင်,2024-12-29,kg,"1,560",0,0.00%
365,ဆန်ဧည့်မထ(ထိပ်စ),ဝါးတန်းကုန်စည်ဒိုင်,2024-12-30,kg,"1,560",0,0.00%
366,ဆန်ဧည့်မထ(ထိပ်စ),ဝါးတန်းကုန်စည်ဒိုင်,2024-12-31,kg,"1,560",0,0.00%
367,ဆန်ဧည့်မထ(ထိပ်စ),ဝါးတန်းကုန်စည်ဒိုင်,2025-01-01,kg,"1,560",0,0.00%
368,ဆန်ဧည့်မထ(ထိပ်စ),ဝါးတန်းကုန်စည်ဒိုင်,2025-01-02,kg,"1,560",0,0.00%
369,ဆန်ဧည့်မထ(ထိပ်စ),ဝါးတန်းကုန်စည်ဒိုင်,2025-01-03,kg,"1,560",0,0.00%
370,ဆန်ဧည့်မထ(ထိပ်စ),ဝါးတန်းကုန်စည်ဒိုင်,2025-01-04,kg,"1,560",0,0.00%
371,ဆန်ဧည့်မထ(ထိပ်စ),ဝါးတန်းကုန်စည်ဒိုင်,2025-01-05,kg,"1,560",0,0.00%
372,ဆန်ဧည့်မထ(ထိပ်စ),ဝါးတန်းကုန်စည်ဒိုင်,2025-01-06,kg,"1,560",0,0.00%
373,ဆန်ဧည့်မထ(ထိပ်စ),ဝါးတန်းကုန်စည်ဒိုင်,2025-01-07,kg,"1,560",0,0.00%
374,ဆန်ဧည့်မထ(ထိပ်စ),ဝါးတန်းကုန်စည်ဒိုင်,2025-01-08,kg,"1,560",0,0.00%
375,ဆန်ဧည့်မထ(ထိပ်စ),ဝါးတန်းကုန်စည်ဒိုင်,2025-01-09,kg,"1,560",0,0.00%
376,ဆန်ဧည့်မထ(ထိပ်စ),ဝါးတန်းကုန်စည်ဒိုင်,2025-01-10,kg,"1,560",0,0.00%
377,ဆန်ဧည့်မထ(ထိပ်စ),ဝါးတန်းကုန်စည်ဒိုင်,2025-01-11,kg,"1,560",0,0.00%
378,ဆန်ဧည့်မထ(ထိပ်စ),ဝါးတန်းကုန်စည်ဒိုင်,2025-01-12,kg,"1,560",0,0.00%
379,ဆန်ဧည့်မထ(ထိပ်စ),ဝါးတန်းကုန်စည်ဒိုင်,2025-01-13,kg,"1,560",0,0.00%
380,ဆန်ဧည့်မထ(ထိပ်စ),ဝါးတန်းကုန်စည်ဒိုင်,2025-01-14,kg,"1,560",0,0.00%
381,ဆန်ဧည့်မထ(ထိပ်စ),ဝါးတန်းကုန်စည်ဒိုင်,2025-01-15,kg,"1,560",0,0.00%
382,ဆန်ဧည့်မထ(ထိပ်စ),ဝါးတန်းကုန်စည်ဒိုင်,2025-01-16,kg,"1,560",0,0.00%
383,ဆန်ဧည့်မထ(ထိပ်စ),ဝါးတန်းကုန်စည်ဒိုင်,2025-01-17,kg,"1,560",0,0.00%
384,ဆန်ဧည့်မထ(ထိပ်စ),ဝါးတန်းကုန်စည်ဒိုင်,2025-01-18,kg,"1,560",0,0.00%
385,ဆန်ဧည့်မထ(ထိပ်စ),ဝါးတန်းကုန်စည်ဒိုင်,2025-01-19,kg,"1,560",0,0.00%
386,ဆန်ဧည့်မထ(ထိပ်စ),ဝါးတန်းကုန်စည်ဒိုင်,2025-01-20,kg,"1,560",0,0.00%
387,ဆန်ဧည့်မထ(ထိပ်စ),ဝါးတန်းကုန်စည်ဒိုင်,2025-01-21,kg,"1,560",0,0.00%
388,ဆန်ဧည့်မထ(ထိပ်စ),ဝါးတန်းကုန်စည်ဒိုင်,2025-01-22,kg,"1,560",0,0.00%
389,ဆန်ဧည့်မထ(ထိပ်စ),ဝါးတန်းကုန်စည်ဒိုင်,2025-01-23,kg,"1,560",0,0.00%
390,ဆန်ဧည့်မထ(ထိပ်စ),ဝါးတန်းကုန်စည်ဒိုင်,2025-01-24,kg,"1,560",0,0.00%
391,ဆန်ဧည့်မထ(ထိပ်စ),ဝါးတန်းကုန်စည်ဒိုင်,2025-01-25,kg,"1,560",0,0.00%
392,ဆန်ဧည့်မထ(ထိပ်စ),ဝါးတန်းကုန်စည်ဒိုင်,2025-01-26,kg,"1,560",0,0.00%
393,ဆန်ဧည့်မထ(ထိပ်စ),ဝါးတန်းကုန်စည်ဒိုင်,2025-01-27,kg,"1,560",0,0.00%
394,ဆန်ဧည့်မထ(ထိပ်စ),ဝါးတန်းကုန်စည်ဒိုင်,2025-01-28,kg,"1,560",0,0.00%
395,ဆန်ဧည့်မထ(ထိပ်စ),ဝါးတန်းကုန်စည်ဒိုင်,2025-01-29,kg,"1,560",0,0.00%
396,ဆန်ဧည့်မထ(ထိပ်စ),ဝါးတန်းကုန်စည်ဒိုင်,2025-01-30,kg,"1,560",0,0.00%
397,ဆန်ဧည့်မထ(ထိပ်စ),ဝါးတန်းကုန်စည်ဒိုင်,2025-01-31,kg,"1,560",0,0.00%
398,ဆန်ဧည့်မထ(ထိပ်စ),ဝါးတန်းကုန်စည်ဒိုင်,2025-02-01,kg,"1,560",0,0.00%
399,ဆန်ဧည့်မထ(ထိပ်စ),ဝါးတန်းကုန်စည်ဒိုင်,2025-02-02,kg,"1,560",0,0.00%
400,ဆန်ဧည့်မထ(ထိပ်စ),ဝါးတန်းကုန်စည်ဒိုင်,2025-02-03,kg,"1,560",0,0.00%
401,ဆန်ဧည့်မထ(ထိပ်စ),ဝါးတန်းကုန်စည်ဒိုင်,2025-02-04,kg,"1,560",0,0.00%
402,ဆန်ဧည့်မထ(ထိပ်စ),ဝါးတန်းကုန်စည်ဒိုင်,2025-02-05,kg,"1,560",0,0.00%
403,ဆန်ဧည့်မထ(ထိပ်စ),ဝါးတန်းကုန်စည်ဒိုင်,2025-02-06,kg,"1,560",0,0.00%
404,ဆန်ဧည့်မထ(ထိပ်စ),ဝါးတန်းကုန်စည်ဒိုင်,2025-02-07,kg,"1,560",0,0.00%
405,ဆန်ဧည့်မထ(ထိပ်စ),ဝါးတန်းကုန်စည်ဒိုင်,2025-02-08,kg,"1,560",0,0.00%
406,ဆန်ဧည့်မထ(ထိပ်စ),ဝါးတန်းကုန်စည်ဒိုင်,2025-02-09,kg,"1,560",0,0.00%
407,ဆန်ဧည့်မထ(ထိပ်စ),ဝါးတန်းကုန်စည်ဒိုင်,2025-02-10,kg,"1,560",0,0.00%
408,ဆန်ဧည့်မထ(ထိပ်စ),ဝါးတန်းကုန်စည်ဒိုင်,2025-02-11,kg,"1,560",0,0.00%
409,ဆန်ဧည့်မထ(ထိပ်စ),ဝါးတန်းကုန်စည်ဒိုင်,2025-02-12,kg,"1,560",0,0.00%
410,ဆန်ဧည့်မထ(ထိပ်စ),ဝါးတန်းကုန်စည်ဒိုင်,2025-02-13,kg,"1,560",0,0.00%
411,ဆန်ဧည့်မထ(ထိပ်စ),ဝါးတန်းကုန်စည်ဒိုင်,2025-02-14,kg,"1,560",0,0.00%
412,ဆန်ဧည့်မထ(ထိပ်စ),ဝါးတန်းကုန်စည်ဒိုင်,2025-02-15,kg,"1,560",0,0.00%
413,ဆန်ဧည့်မထ(ထိပ်စ),ဝါးတန်းကုန်စည်ဒိုင်,2025-02-16,kg,"1,560",0,0.00%
414,ဆန်ဧည့်မထ(ထိပ်စ),ဝါးတန်းကုန်စည်ဒိုင်,2025-02-17,kg,"1,560",0,0.00%
415,ဆန်ဧည့်မထ(ထိပ်စ),ဝါးတန်းကုန်စည်ဒိုင်,2025-02-18,kg,"1,560",0,0.00%
416,ဆန်ဧည့်မထ(ထိပ်စ),ဝါးတန်းကုန်စည်ဒိုင်,2025-02-19,kg,"1,560",0,0.00%
417,ဆန်ဧည့်မထ(ထိပ်စ),ဝါးတန်းကုန်စည်ဒိုင်,2025-02-20,kg,"1,560",0,0.00%
418,ဆန်ဧည့်မထ(ထိပ်စ),ဝါးတန်းကုန်စည်ဒိုင်,2025-02-21,kg,"1,560",0,0.00%
419,ဆန်ဧည့်မထ(ထိပ်စ),ဝါးတန်းကုန်စည်ဒိုင်,2025-02-22,kg,"1,560",0,0.00%
420,ဆန်ဧည့်မထ(ထိပ်စ),ဝါးတန်းကုန်စည်ဒိုင်,2025-02-23,kg,"1,560",0,0.00%
421,ဆန်ဧည့်မထ(ထိပ်စ),ဝါးတန်းကုန်စည်ဒိုင်,2025-02-24,kg,"1,560",0,0.00%
422,ဆန်ဧည့်မထ(ထိပ်စ),ဝါးတန်းကုန်စည်ဒိုင်,2025-02-25,kg,"1,560",0,0.00%
423,ဆန်ဧည့်မထ(ထိပ်စ),ဝါးတန်းကုန်စည်ဒိုင်,2025-02-26,kg,"1,560",0,0.00%
424,ဆန်ဧည့်မထ(ထိပ်စ),ဝါးတန်းကုန်စည်ဒိုင်,2025-02-27,kg,"1,560",0,0.00%
425,ဆန်ဧည့်မထ(ထိပ်စ),ဝါးတန်းကုန်စည်ဒိုင်,2025-02-28,kg,"1,560",0,0.00%
426,ဆန်ဧည့်မထ(ထိပ်စ),ဝါးတန်းကုန်စည်ဒိုင်,2025-03-01,kg,"1,560",0,0.00%
427,ဆန်ဧည့်မထ(ထိပ်စ),ဝါးတန်းကုန်စည်ဒိုင်,2025-03-02,kg,"1,560",0,0.00%
428,ဆန်ဧည့်မထ(ထိပ်စ),ဝါးတန်းကုန်စည်ဒိုင်,2025-03-03,kg,"1,560",0,0.00%
429,ဆန်ဧည့်မထ(ထိပ်စ),ဝါးတန်းကုန်စည်ဒိုင်,2025-03-04,kg,"1,560",0,0.00%
430,ဆန်ဧည့်မထ(ထိပ်စ),ဝါးတန်းကုန်စည်ဒိုင်,2025-03-05,kg,"1,560",0,0.00%
431,ဆန်ဧည့်မထ(ထိပ်စ),ဝါးတန်းကုန်စည်ဒိုင်,2025-03-06,kg,"1,560",0,0.00%
432,ဆန်ဧည့်မထ(ထိပ်စ),ဝါးတန်းကုန်စည်ဒိုင်,2025-03-07,kg,"1,560",0,0.00%
433,ဆန်ဧည့်မထ(ထိပ်စ),ဝါးတန်းကုန်စည်ဒိုင်,2025-03-08,kg,"1,560",0,0.00%
434,ဆန်ဧည့်မထ(ထိပ်စ),ဝါးတန်းကုန်စည်ဒိုင်,2025-03-09,kg,"1,560",0,0.00%
435,ဆန်ဧည့်မထ(ထိပ်စ),ဝါးတန်းကုန်စည်ဒိုင်,2025-03-10,kg,"1,560",0,0.00%
436,ဆန်ဧည့်မထ(ထိပ်စ),ဝါးတန်းကုန်စည်ဒိုင်,2025-03-11,kg,"1,560",0,0.00%
437,ဆန်ဧည့်မထ(ထိပ်စ),ဝါးတန်းကုန်စည်ဒိုင်,2025-03-12,kg,"1,560",0,0.00%
438,ဆန်ဧည့်မထ(ထိပ်စ),ဝါးတန်းကုန်စည်ဒိုင်,2025-03-13,kg,"1,560",0,0.00%
439,ဆန်ဧည့်မထ(ထိပ်စ),ဝါးတန်းကုန်စည်ဒိုင်,2025-03-14,kg,"1,560",0,0.00%
440,ဆန်ဧည့်မထ(ထိပ်စ),ဝါးတန်းကုန်စည်ဒိုင်,2025-03-15,kg,"1,560",0,0.00%
441,ဆန်ဧည့်မထ(ထိပ်စ),ဝါးတန်းကုန်စည်ဒိုင်,2025-03-16,kg,"1,560",0,0.00%
442,ဆန်ဧည့်မထ(ထိပ်စ),ဝါးတန်းကုန်စည်ဒိုင်,2025-03-17,kg,"1,560",0,0.00%
443,ဆန်ဧည့်မထ(ထိပ်စ),ဝါးတန်းကုန်စည်ဒိုင်,2025-03-18,kg,"1,560",0,0.00%
444,ဆန်ဧည့်မထ(ထိပ်စ),ဝါးတန်းကုန်စည်ဒိုင်,2025-03-19,kg,"1,560",0,0.00%
445,ဆန်ဧည့်မထ(ထိပ်စ),ဝါးတန်းကုန်စည်ဒိုင်,2025-03-20,kg,"1,560",0,0.00%
446,ဆန်ဧည့်မထ(ထိပ်စ),ဝါးတန်းကုန်စည်ဒိုင်,2025-03-21,kg,"1,560",0,0.00%
447,ဆန်ဧည့်မထ(ထိပ်စ),ဝါးတန်းကုန်စည်ဒိုင်,2025-03-22,kg,"1,560",0,0.00%
448,ဆန်ဧည့်မထ(ထိပ်စ),ဝါးတန်းကုန်စည်ဒိုင်,2025-03-23,kg,"1,560",0,0.00%
449,ဆန်ဧည့်မထ(ထိပ်စ),ဝါးတန်းကုန်စည်ဒိုင်,2025-03-24,kg,"1,560",0,0.00%
450,ဆန်ဧည့်မထ(ထိပ်စ),ဝါးတန်းကုန်စည်ဒိုင်,2025-03-25,kg,"1,560",0,0.00%
451,ဆန်ဧည့်မထ(ထိပ်စ),ဝါးတန်းကုန်စည်ဒိုင်,2025-03-26,kg,"1,500",-60,-3.85%
452,ဆန်ဧည့်မထ(ထိပ်စ),ဝါးတန်းကုန်စည်ဒိုင်,2025-03-27,kg,"1,500",0,-3.85%
453,ဆန်ဧည့်မထ(ထိပ်စ),ဝါးတန်းကုန်စည်ဒိုင်,2025-03-28,kg,"1,500",0,-3.85%
454,ဆန်ဧည့်မထ(ထိပ်စ),ဝါးတန်းကုန်စည်ဒိုင်,2025-03-29,kg,"1,500",0,-3.85%
455,ဆန်ဧည့်မထ(ထိပ်စ),ဝါးတန်းကုန်စည်ဒိုင်,2025-03-30,kg,"1,500",0,-3.85%
456,ဆန်ဧည့်မထ(ထိပ်စ),ဝါးတန်းကုန်စည်ဒိုင်,2025-03-31,kg,"1,500",0,-3.85%
457,ဆန်ဧည့်မထ(ထိပ်စ),ဝါးတန်းကုန်စည်ဒိုင်,2025-04-01,kg,"1,500",0,-3.85%
458,ဆန်ဧည့်မထ(ထိပ်စ),ဝါးတန်းကုန်စည်ဒိုင်,2025-04-02,kg,"1,500",0,-3.85%
459,ဆန်ဧည့်မထ(ထိပ်စ),ဝါးတန်းကုန်စည်ဒိုင်,2025-04-03,kg,"1,500",0,-3.85%
460,ဆန်ဧည့်မထ(ထိပ်စ),ဝါးတန်းကုန်စည်ဒိုင်,2025-04-04,kg,"1,500",0,-3.85%
461,ဆန်ဧည့်မထ(ထိပ်စ),ဝါးတန်းကုန်စည်ဒိုင်,2025-04-05,kg,"1,500",0,-3.85%
462,ဆန်ဧည့်မထ(ထိပ်စ),ဝါးတန်းကုန်စည်ဒိုင်,2025-04-06,kg,"1,500",0,-3.85%
463,ဆန်ဧည့်မထ(ထိပ်စ),ဝါးတန်းကုန်စည်ဒိုင်,2025-04-07,kg,"1,500",0,-3.85%
464,ဆန်ဧည့်မထ(ထိပ်စ),ဝါးတန်းကုန်စည်ဒိုင်,2025-04-08,kg,"1,500",0,-3.85%
465,ဆန်ဧည့်မထ(ထိပ်စ),ဝါးတန်းကုန်စည်ဒိုင်,2025-04-09,kg,"1,500",0,-3.85%
466,ဆန်ဧည့်မထ(ထိပ်စ),ဝါးတန်းကုန်စည်ဒိုင်,2025-04-10,kg,"1,500",0,-3.85%
467,ဆန်ဧည့်မထ(ထိပ်စ),ဝါးတန်းကုန်စည်ဒိုင်,2025-04-11,kg,"1,500",0,-3.85%
468,ဆန်ဧည့်မထ(ထိပ်စ),ဝါးတန်းကုန်စည်ဒိုင်,2025-04-12,kg,"1,500",0,-3.85%
469,ဆန်ဧည့်မထ(ထိပ်စ),ဝါးတန်းကုန်စည်ဒိုင်,2025-04-13,kg,"1,500",0,-3.85%
470,ဆန်ဧည့်မထ(ထိပ်စ),ဝါးတန်းကုန်စည်ဒိုင်,2025-04-14,kg,"1,500",0,-3.85%
471,ဆန်ဧည့်မထ(ထိပ်စ),ဝါးတန်းကုန်စည်ဒိုင်,2025-04-15,kg,"1,500",0,-3.85%
472,ဆန်ဧည့်မထ(ထိပ်စ),ဝါးတန်းကုန်စည်ဒိုင်,2025-04-16,kg,"1,500",0,-3.85%
473,ဆန်ဧည့်မထ(ထိပ်စ),ဝါးတန်းကုန်စည်ဒိုင်,2025-04-17,kg,"1,500",0,-3.85%
474,ဆန်ဧည့်မထ(ထိပ်စ),ဝါးတန်းကုန်စည်ဒိုင်,2025-04-18,kg,"1,500",0,-3.85%
475,ဆန်ဧည့်မထ(ထိပ်စ),ဝါးတန်းကုန်စည်ဒိုင်,2025-04-19,kg,"1,500",0,-3.85%
476,ဆန်ဧည့်မထ(ထိပ်စ),ဝါးတန်းကုန်စည်ဒိုင်,2025-04-20,kg,"1,500",0,-3.85%
477,ဆန်ဧည့်မထ(ထိပ်စ),ဝါးတန်းကုန်စည်ဒိုင်,2025-04-21,kg,"1,500",0,-3.85%
478,ဆန်ဧည့်မထ(ထိပ်စ),ဝါးတန်းကုန်စည်ဒိုင်,2025-04-22,kg,"1,300",-200,-13.33%
479,ဆန်ဧည့်မထ(ထိပ်စ),ဝါးတန်းကုန်စည်ဒိုင်,2025-04-23,kg,"1,300",0,0.00%
480,ဆန်ဧည့်မထ(ထိပ်စ),ဝါးတန်းကုန်စည်ဒိုင်,2025-04-24,kg,"1,300",0,0.00%
481,ဆန်ဧည့်မထ(ထိပ်စ),ဝါးတန်းကုန်စည်ဒိုင်,2025-04-25,kg,"1,300",0,0.00%
482,ဆန်ဧည့်မထ(ထိပ်စ),ဝါးတန်းကုန်စည်ဒိုင်,2025-04-26,kg,"1,300",0,0.00%
483,ဆန်ဧည့်မထ(ထိပ်စ),ဝါးတန်းကုန်စည်ဒိုင်,2025-04-27,kg,"1,300",0,0.00%
484,ဆန်ဧည့်မထ(ထိပ်စ),ဝါးတန်းကုန်စည်ဒိုင်,2025-04-28,kg,"1,300",0,0.00%
485,ဆန်ဧည့်မထ(ထိပ်စ),ဝါးတန်းကုန်စည်ဒိုင်,2025-04-29,kg,"1,300",0,0.00%
486,ဆန်ဧည့်မထ(ထိပ်စ),ဝါးတန်းကုန်စည်ဒိုင်,2025-04-30,kg,"1,300",0,0.00%
487,ဆန်ဧည့်မထ(ထိပ်စ),ဝါးတန်းကုန်စည်ဒိုင်,2025-05-01,kg,"1,300",0,0.00%
488,ဆန်ဧည့်မထ(ထိပ်စ),ဝါးတန်းကုန်စည်ဒိုင်,2025-05-02,kg,"1,300",0,0.00%
489,ဆန်ဧည့်မထ(ထိပ်စ),ဝါးတန်းကုန်စည်ဒိုင်,2025-05-03,kg,"1,300",0,0.00%
490,ဆန်ဧည့်မထ(ထိပ်စ),ဝါးတန်းကုန်စည်ဒိုင်,2025-05-04,kg,"1,300",0,0.00%
491,ဆန်ဧည့်မထ(ထိပ်စ),ဝါးတန်းကုန်စည်ဒိုင်,2025-05-05,kg,"1,300",0,0.00%
492,ဆန်ဧည့်မထ(ထိပ်စ),ဝါးတန်းကုန်စည်ဒိုင်,2025-05-06,kg,"1,300",0,0.00%
493,ဆန်ဧည့်မထ(ထိပ်စ),ဝါးတန်းကုန်စည်ဒိုင်,2025-05-07,kg,"1,300",0,0.00%
494,ဆန်ဧည့်မထ(ထိပ်စ),ဝါးတန်းကုန်စည်ဒိုင်,2025-05-08,kg,"1,300",0,0.00%
495,ဆန်ဧည့်မထ(ထိပ်စ),ဝါးတန်းကုန်စည်ဒိုင်,2025-05-09,kg,"1,300",0,0.00%
496,ဆန်ဧည့်မထ(ထိပ်စ),ဝါးတန်းကုန်စည်ဒိုင်,2025-05-10,kg,"1,300",0,0.00%
497,ဆန်ဧည့်မထ(ထိပ်စ),ဝါးတန်းကုန်စည်ဒိုင်,2025-05-11,kg,"1,300",0,0.00%
498,ဆန်ဧည့်မထ(ထိပ်စ),ဝါးတန်းကုန်စည်ဒိုင်,2025-05-12,kg,"1,300",0,0.00%
499,ဆန်ဧည့်မထ(ထိပ်စ),ဝါးတန်းကုန်စည်ဒိုင်,2025-05-13,kg,"1,300",0,0.00%
500,ဆန်ဧည့်မထ(ထိပ်စ),ဝါးတန်းကုန်စည်ဒိုင်,2025-05-14,kg,"1,300",0,0.00%
501,ဆန်ဧည့်မထ(ထိပ်စ),ဝါးတန်းကုန်စည်ဒိုင်,2025-05-15,kg,"1,300",0,0.00%
502,ဆန်ဧည့်မထ(ထိပ်စ),ဝါးတန်းကုန်စည်ဒိုင်,2025-05-16,kg,"1,300",0,0.00%
503,ဆန်ဧည့်မထ(ထိပ်စ),ဝါးတန်းကုန်စည်ဒိုင်,2025-05-17,kg,"1,300",0,0.00%
504,ဆန်ဧည့်မထ(ထိပ်စ),ဝါးတန်းကုန်စည်ဒိုင်,2025-05-18,kg,"1,300",0,0.00%
505,ဆန်ဧည့်မထ(ထိပ်စ),ဝါးတန်းကုန်စည်ဒိုင်,2025-05-19,kg,"1,300",0,0.00%
506,ဆန်ဧည့်မထ(ထိပ်စ),ဝါးတန်းကုန်စည်ဒိုင်,2025-05-20,kg,"1,300",0,0.00%
507,ဆန်ဧည့်မထ(ထိပ်စ),ဝါးတန်းကုန်စည်ဒိုင်,2025-05-21,kg,"1,300",0,0.00%
508,ဆန်ဧည့်မထ(ထိပ်စ),ဝါးတန်းကုန်စည်ဒိုင်,2025-05-22,kg,"1,300",0,0.00%
509,ဆန်ဧည့်မထ(ထိပ်စ),ဝါးတန်းကုန်စည်ဒိုင်,2025-05-23,kg,"1,300",0,0.00%
510,ဆန်ဧည့်မထ(ထိပ်စ),ဝါးတန်းကုန်စည်ဒိုင်,2025-05-24,kg,"1,300",0,0.00%
511,ဆန်ဧည့်မထ(ထိပ်စ),ဝါးတန်းကုန်စည်ဒိုင်,2025-05-25,kg,"1,300",0,0.00%
512,ဆန်ဧည့်မထ(ထိပ်စ),ဝါးတန်းကုန်စည်ဒိုင်,2025-05-26,kg,"1,300",0,0.00%
513,ဆန်ဧည့်မထ(ထိပ်စ),ဝါးတန်းကုန်စည်ဒိုင်,2025-05-27,kg,"1,300",0,0.00%
514,ဆန်ဧည့်မထ(ထိပ်စ),ဝါးတန်းကုန်စည်ဒိုင်,2025-05-28,kg,"1,300",0,0.00%
515,ဆန်ဧည့်မထ(ထိပ်စ),ဝါးတန်းကုန်စည်ဒိုင်,2025-05-29,kg,"1,300",0,0.00%
516,ဆန်ဧည့်မထ(ထိပ်စ),ဝါးတန်းကုန်စည်ဒိုင်,2025-05-30,kg,"1,300",0,0.00%
517,ဆန်ဧည့်မထ(ထိပ်စ),ဝါးတန်းကုန်စည်ဒိုင်,2025-05-31,kg,"1,300",0,0.00%
518,ဆန်ဧည့်မထ(ထိပ်စ),ဝါးတန်းကုန်စည်ဒိုင်,2025-06-01,kg,"1,300",0,0.00%
519,ဆန်ဧည့်မထ(ထိပ်စ),ဝါးတန်းကုန်စည်ဒိုင်,2025-06-02,kg,"1,300",0,0.00%
520,ဆန်ဧည့်မထ(ထိပ်စ),ဝါးတန်းကုန်စည်ဒိုင်,2025-06-03,kg,"1,300",0,0.00%
521,ဆန်ဧည့်မထ(ထိပ်စ),ဝါးတန်းကုန်စည်ဒိုင်,2025-06-04,kg,"1,300",0,0.00%
522,ဆန်ဧည့်မထ(ထိပ်စ),ဝါးတန်းကုန်စည်ဒိုင်,2025-06-05,kg,"1,300",0,0.00%
523,ဆန်ဧည့်မထ(ထိပ်စ),ဝါးတန်းကုန်စည်ဒိုင်,2025-06-06,kg,"1,300",0,0.00%
524,ဆန်ဧည့်မထ(ထိပ်စ),ဝါးတန်းကုန်စည်ဒိုင်,2025-06-07,kg,"1,300",0,0.00%
525,ဆန်ဧည့်မထ(ထိပ်စ),ဝါးတန်းကုန်စည်ဒိုင်,2025-06-08,kg,"1,300",0,0.00%
526,ဆန်ဧည့်မထ(ထိပ်စ),ဝါးတန်းကုန်စည်ဒိုင်,2025-06-09,kg,"1,300",0,0.00%
527,ဆန်ဧည့်မထ(ထိပ်စ),ဝါးတန်းကုန်စည်ဒိုင်,2025-06-10,kg,"1,300",0,0.00%
528,ဆန်ဧည့်မထ(ထိပ်စ),ဝါးတန်းကုန်စည်ဒိုင်,2025-06-11,kg,"1,300",0,0.00%
529,ဆန်ဧည့်မထ(ထိပ်စ),ဝါးတန်းကုန်စည်ဒိုင်,2025-06-12,kg,"1,300",0,0.00%
530,ဆန်ဧည့်မထ(ထိပ်စ),ဝါးတန်းကုန်စည်ဒိုင်,2025-06-13,kg,"1,300",0,0.00%
531,ဆန်ဧည့်မထ(ထိပ်စ),ဝါးတန်းကုန်စည်ဒိုင်,2025-06-14,kg,"1,300",0,0.00%
532,ဆန်ဧည့်မထ(ထိပ်စ),ဝါးတန်းကုန်စည်ဒိုင်,2025-06-15,kg,"1,300",0,0.00%
533,ဆန်ဧည့်မထ(ထိပ်စ),ဝါးတန်းကုန်စည်ဒိုင်,2025-06-16,kg,"1,300",0,0.00%
534,ဆန်ဧည့်မထ(ထိပ်စ),ဝါးတန်းကုန်စည်ဒိုင်,2025-06-17,kg,"1,300",0,0.00%
535,ဆန်ဧည့်မထ(ထိပ်စ),ဝါးတန်းကုန်စည်ဒိုင်,2025-06-18,kg,"1,300",0,0.00%
536,ဆန်ဧည့်မထ(ထိပ်စ),ဝါးတန်းကုန်စည်ဒိုင်,2025-06-19,kg,"1,300",0,0.00%
537,ဆန်ဧည့်မထ(ထိပ်စ),ဝါးတန်းကုန်စည်ဒိုင်,2025-06-20,kg,"1,300",0,0.00%
538,ဆန်ဧည့်မထ(ထိပ်စ),ဝါးတန်းကုန်စည်ဒိုင်,2025-06-21,kg,"1,300",0,0.00%
539,ဆန်ဧည့်မထ(ထိပ်စ),ဝါးတန်းကုန်စည်ဒိုင်,2025-06-22,kg,"1,300",0,0.00%
540,ဆန်ဧည့်မထ(ထိပ်စ),ဝါးတန်းကုန်စည်ဒိုင်,2025-06-23,kg,"1,300",0,0.00%
541,ဆန်ဧည့်မထ(ထိပ်စ),ဝါးတန်းကုန်စည်ဒိုင်,2025-06-24,kg,"1,300",0,0.00%
542,ဆန်ဧည့်မထ(ထိပ်စ),ဝါးတန်းကုန်စည်ဒိုင်,2025-06-25,kg,"1,300",0,0.00%
543,ဆန်ဧည့်မထ(ထိပ်စ),ဝါးတန်းကုန်စည်ဒိုင်,2025-06-26,kg,"1,300",0,0.00%
544,ဆန်ဧည့်မထ(ထိပ်စ),ဝါးတန်းကုန်စည်ဒိုင်,2025-06-27,kg,"1,300",0,0.00%
545,ဆန်ဧည့်မထ(ထိပ်စ),ဝါးတန်းကုန်စည်ဒိုင်,2025-06-28,kg,"1,300",0,0.00%
546,ဆန်ဧည့်မထ(ထိပ်စ),ဝါးတန်းကုန်စည်ဒိုင်,2025-06-29,kg,"1,300",0,0.00%
547,ဆန်ဧည့်မထ(ထိပ်စ),ဝါးတန်းကုန်စည်ဒိုင်,2025-06-30,kg,"1,300",0,0.00%
548,ဆန်ဧည့်မထ(ထိပ်စ),ဝါးတန်းကုန်စည်ဒိုင်,2025-07-01,kg,"1,300",0,0.00%
549,ဆန်ဧည့်မထ(ထိပ်စ),ဝါးတန်းကုန်စည်ဒိုင်,2025-07-02,kg,"1,300",0,0.00%
550,ဆန်ဧည့်မထ(ထိပ်စ),ဝါးတန်းကုန်စည်ဒိုင်,2025-07-03,kg,"1,300",0,0.00%
551,ဆန်ဧည့်မထ(ထိပ်စ),ဝါးတန်းကုန်စည်ဒိုင်,2025-07-04,kg,"1,300",0,0.00%
552,ဆန်ဧည့်မထ(ထိပ်စ),ဝါးတန်းကုန်စည်ဒိုင်,2025-07-05,kg,"1,300",0,0.00%
553,ဆန်ဧည့်မထ(ထိပ်စ),ဝါးတန်းကုန်စည်ဒိုင်,2025-07-06,kg,"1,300",0,0.00%
554,ဆန်ဧည့်မထ(ထိပ်စ),ဝါးတန်းကုန်စည်ဒိုင်,2025-07-07,kg,"1,300",0,0.00%
555,ဆန်ဧည့်မထ(ထိပ်စ),ဝါးတန်းကုန်စည်ဒိုင်,2025-07-08,kg,"1,300",0,0.00%
556,ဆန်ဧည့်မထ(ထိပ်စ),ဝါးတန်းကုန်စည်ဒိုင်,2025-07-09,kg,"1,300",0,0.00%
557,ဆန်ဧည့်မထ(ထိပ်စ),ဝါးတန်းကုန်စည်ဒိုင်,2025-07-10,kg,"1,300",0,0.00%
558,ဆန်ဧည့်မထ(ထိပ်စ),ဝါးတန်းကုန်စည်ဒိုင်,2025-07-11,kg,"1,300",0,0.00%
559,ဆန်ဧည့်မထ(ထိပ်စ),ဝါးတန်းကုန်စည်ဒိုင်,2025-07-12,kg,"1,300",0,0.00%
560,ဆန်ဧည့်မထ(ထိပ်စ),ဝါးတန်းကုန်စည်ဒိုင်,2025-07-13,kg,"1,280",-20,0.00%
561,ဆန်ဧည့်မထ(ထိပ်စ),ဝါးတန်းကုန်စည်ဒိုင်,2025-07-14,kg,"1,300",20,1.56%
562,ဆန်ဧည့်မထ(ထိပ်စ),ဝါးတန်းကုန်စည်ဒိုင်,2025-07-15,kg,"1,300",0,0.00%
563,ဆန်ဧည့်မထ(ထိပ်စ),ဝါးတန်းကုန်စည်ဒိုင်,2025-07-16,kg,"1,300",0,0.00%
564,ဆန်ဧည့်မထ(ထိပ်စ),ဝါးတန်းကုန်စည်ဒိုင်,2025-07-17,kg,"1,300",0,0.00%
565,ဆန်ဧည့်မထ(ထိပ်စ),ဝါးတန်းကုန်စည်ဒိုင်,2025-07-18,kg,"1,300",0,0.00%
566,ဆန်ဧည့်မထ(ထိပ်စ),ဝါးတန်းကုန်စည်ဒိုင်,2025-07-19,kg,"1,300",0,0.00%
567,ဆန်ဧည့်မထ(ထိပ်စ),ဝါးတန်းကုန်စည်ဒိုင်,2025-07-20,kg,"1,300",0,0.00%
568,ဆန်ဧည့်မထ(ထိပ်စ),ဝါးတန်းကုန်စည်ဒိုင်,2025-07-21,kg,"1,300",0,0.00%
569,ဆန်ဧည့်မထ(ထိပ်စ),ဝါးတန်းကုန်စည်ဒိုင်,2025-07-22,kg,"1,300",0,0.00%
570,ဆန်ဧည့်မထ(ထိပ်စ),ဝါးတန်းကုန်စည်ဒိုင်,2025-07-23,kg,"1,300",0,0.00%
571,ဆန်ဧည့်မထ(ထိပ်စ),ဝါးတန်းကုန်စည်ဒိုင်,2025-07-24,kg,"1,300",0,0.00%
572,ဆန်ဧည့်မထ(ထိပ်စ),ဝါးတန်းကုန်စည်ဒိုင်,2025-07-25,kg,"1,300",0,0.00%
573,ဆန်ဧည့်မထ(ထိပ်စ),ဝါးတန်းကုန်စည်ဒိုင်,2025-07-26,kg,"1,300",0,0.00%
574,ဆန်ဧည့်မထ(ထိပ်စ),ဝါးတန်းကုန်စည်ဒိုင်,2025-07-27,kg,"1,300",0,0.00%
575,ဆန်ဧည့်မထ(ထိပ်စ),ဝါးတန်းကုန်စည်ဒိုင်,2025-07-28,kg,"1,300",0,0.00%
576,ဆန်ဧည့်မထ(ထိပ်စ),ဝါးတန်းကုန်စည်ဒိုင်,2025-07-29,kg,"1,300",0,0.00%
577,ဆန်ဧည့်မထ(ထိပ်စ),ဝါးတန်းကုန်စည်ဒိုင်,2025-07-30,kg,"1,300",0,0.00%
578,ဆန်ဧည့်မထ(ထိပ်စ),ဝါးတန်းကုန်စည်ဒိုင်,2025-07-31,kg,"1,300",0,0.00%
579,ဆန်ဧည့်မထ(ထိပ်စ),ဝါးတန်းကုန်စည်ဒိုင်,2025-08-01,kg,"1,300",0,0.00%
580,ဆန်ဧည့်မထ(ထိပ်စ),ဝါးတန်းကုန်စည်ဒိုင်,2025-08-02,kg,"1,300",0,0.00%
581,ဆန်ဧည့်မထ(ထိပ်စ),ဝါးတန်းကုန်စည်ဒိုင်,2025-08-03,kg,"1,300",0,0.00%
582,ဆန်ဧည့်မထ(ထိပ်စ),ဝါးတန်းကုန်စည်ဒိုင်,2025-08-04,kg,"1,300",0,0.00%
583,ဆန်ဧည့်မထ(ထိပ်စ),ဝါးတန်းကုန်စည်ဒိုင်,2025-08-05,kg,"1,300",0,0.00%
584,ဆန်ဧည့်မထ(ထိပ်စ),ဝါးတန်းကုန်စည်ဒိုင်,2025-08-06,kg,"1,260",-40,-3.08%
585,ဆန်ဧည့်မထ(ထိပ်စ),ဝါးတန်းကုန်စည်ဒိုင်,2025-08-07,kg,"1,260",0,0.00%
586,ဆန်ဧည့်မထ(ထိပ်စ),ဝါးတန်းကုန်စည်ဒိုင်,2025-08-08,kg,"1,260",0,0.00%
587,ဆန်ဧည့်မထ(ထိပ်စ),ဝါးတန်းကုန်စည်ဒိုင်,2025-08-09,kg,"1,260",0,0.00%
588,ဆန်ဧည့်မထ(ထိပ်စ),ဝါးတန်းကုန်စည်ဒိုင်,2025-08-10,kg,"1,260",0,0.00%
589,ဆန်ဧည့်မထ(ထိပ်စ),ဝါးတန်းကုန်စည်ဒိုင်,2025-08-11,kg,"1,260",0,0.00%
590,ဆန်ဧည့်မထ(ထိပ်စ),ဝါးတန်းကုန်စည်ဒိုင်,2025-08-12,kg,"1,280",20,1.59%
591,ဆန်ဧည့်မထ(ထိပ်စ),ဝါးတန်းကုန်စည်ဒိုင်,2025-08-13,kg,"1,280",0,1.59%
592,ဆန်ဧည့်မထ(ထိပ်စ),ဝါးတန်းကုန်စည်ဒိုင်,2025-08-14,kg,"1,280",0,0.00%
593,ဆန်ဧည့်မထ(ထိပ်စ),ဝါးတန်းကုန်စည်ဒိုင်,2025-08-15,kg,"1,280",0,0.00%
594,ဆန်ဧည့်မထ(ထိပ်စ),ဝါးတန်းကုန်စည်ဒိုင်,2025-08-16,kg,"1,280",0,0.00%
595,ဆန်ဧည့်မထ(ထိပ်စ),ဝါးတန်းကုန်စည်ဒိုင်,2025-08-17,kg,"1,280",0,0.00%
596,ဆန်ဧည့်မထ(ထိပ်စ),ဝါးတန်းကုန်စည်ဒိုင်,2025-08-18,kg,"1,300",20,1.56%
597,ဆန်ဧည့်မထ(ထိပ်စ),ဝါးတန်းကုန်စည်ဒိုင်,2025-08-19,kg,"1,300",0,0.00%
598,ဆန်ဧည့်မထ(ထိပ်စ),ဝါးတန်းကုန်စည်ဒိုင်,2025-08-20,kg,"1,300",0,0.00%
599,ဆန်ဧည့်မထ(ထိပ်စ),ဝါးတန်းကုန်စည်ဒိုင်,2025-08-21,kg,"1,260",-40,-3.08%
600,ဆန်ဧည့်မထ(ထိပ်စ),ဝါးတန်းကုန်စည်ဒိုင်,2025-08-22,kg,"1,260",0,0.00%
601,ဆန်ဧည့်မထ(ထိပ်စ),ဝါးတန်းကုန်စည်ဒိုင်,2025-08-23,kg,"1,260",0,0.00%
602,ဆန်ဧည့်မထ(ထိပ်စ),ဝါးတန်းကုန်စည်ဒိုင်,2025-08-24,kg,"1,260",0,0.00%
603,ဆန်ဧည့်မထ(ထိပ်စ),ဝါးတန်းကုန်စည်ဒိုင်,2025-08-25,kg,"1,260",0,0.00%
604,ဆန်ဧည့်မထ(ထိပ်စ),ဝါးတန်းကုန်စည်ဒိုင်,2025-08-26,kg,"1,260",0,0.00%
605,ဆန်ဧည့်မထ(ထိပ်စ),ဝါးတန်းကုန်စည်ဒိုင်,2025-08-27,kg,"1,280",20,1.59%
606,ဆန်ဧည့်မထ(ထိပ်စ),ဝါးတန်းကုန်စည်ဒိုင်,2025-08-28,kg,"1,280",0,0.00%
607,ဆန်ဧည့်မထ(ထိပ်စ),ဝါးတန်းကုန်စည်ဒိုင်,2025-08-29,kg,"1,280",0,0.00%
608,ဆန်ဧည့်မထ(ထိပ်စ),ဝါးတန်းကုန်စည်ဒိုင်,2025-08-30,kg,"1,280",0,0.00%
609,ဆန်ဧည့်မထ(ထိပ်စ),ဝါးတန်းကုန်စည်ဒိုင်,2025-08-31,kg,"1,280",0,0.00%
610,ဆန်ဧည့်မထ(ထိပ်စ),ဝါးတန်းကုန်စည်ဒိုင်,2025-09-01,kg,"1,300",20,1.56%
611,ဆန်ဧည့်မထ(ထိပ်စ),ဝါးတန်းကုန်စည်ဒိုင်,2025-09-02,kg,"1,300",0,0.00%
612,ဆန်ဧည့်မထ(ထိပ်စ),ဝါးတန်းကုန်စည်ဒိုင်,2025-09-03,kg,"1,300",0,0.00%
613,ဆန်ဧည့်မထ(ထိပ်စ),ဝါးတန်းကုန်စည်ဒိုင်,2025-09-04,kg,"1,300",0,0.00%
614,ဆန်ဧည့်မထ(ထိပ်စ),ဝါးတန်းကုန်စည်ဒိုင်,2025-09-05,kg,"1,300",0,0.00%
615,ဆန်ဧည့်မထ(ထိပ်စ),ဝါးတန်းကုန်စည်ဒိုင်,2025-09-06,kg,"1,300",0,0.00%
616,ဆန်ဧည့်မထ(ထိပ်စ),ဝါးတန်းကုန်စည်ဒိုင်,2025-09-07,kg,"1,300",0,0.00%
617,ဆန်ဧည့်မထ(ထိပ်စ),ဝါးတန်းကုန်စည်ဒိုင်,2025-09-08,kg,"1,300",0,0.00%
618,ဆန်ဧည့်မထ(ထိပ်စ),ဝါးတန်းကုန်စည်ဒိုင်,2025-09-09,kg,"1,160",-140,-10.77%
619,ဆန်ဧည့်မထ(ထိပ်စ),ဝါးတန်းကုန်စည်ဒိုင်,2025-09-10,kg,"1,160",0,0.00%
620,ဆန်ဧည့်မထ(ထိပ်စ),ဝါးတန်းကုန်စည်ဒိုင်,2025-09-11,kg,"1,160",0,0.00%
621,ဆန်ဧည့်မထ(ထိပ်စ),ဝါးတန်းကုန်စည်ဒိုင်,2025-09-12,kg,"1,160",0,0.00%
622,ဆန်ဧည့်မထ(ထိပ်စ),ဝါးတန်းကုန်စည်ဒိုင်,2025-09-13,kg,"1,160",0,0.00%
623,ဆန်ဧည့်မထ(ထိပ်စ),ဝါးတန်းကုန်စည်ဒိုင်,2025-09-14,kg,"1,160",0,0.00%
624,ဆန်ဧည့်မထ(ထိပ်စ),ဝါးတန်းကုန်စည်ဒိုင်,2025-09-15,kg,"1,160",0,0.00%
625,ဆန်ဧည့်မထ(ထိပ်စ),ဝါးတန်းကုန်စည်ဒိုင်,2025-09-16,kg,"1,160",0,0.00%
626,ဆန်ဧည့်မထ(ထိပ်စ),ဝါးတန်းကုန်စည်ဒိုင်,2025-09-17,kg,"1,160",0,0.00%
627,ဆန်ဧည့်မထ(ထိပ်စ),ဝါးတန်းကုန်စည်ဒိုင်,2025-09-18,kg,"1,160",0,0.00%
628,ဆန်ဧည့်မထ(ထိပ်စ),ဝါးတန်းကုန်စည်ဒိုင်,2025-09-19,kg,"1,160",0,0.00%
629,ဆန်ဧည့်မထ(ထိပ်စ),ဝါးတန်းကုန်စည်ဒိုင်,2025-09-20,kg,"1,160",0,0.00%
630,ဆန်ဧည့်မထ(ထိပ်စ),ဝါးတန်းကုန်စည်ဒိုင်,2025-09-21,kg,"1,160",0,0.00%
631,ဆန်ဧည့်မထ(ထိပ်စ),ဝါးတန်းကုန်စည်ဒိုင်,2025-09-22,kg,"1,160",0,0.00%
632,ဆန်ဧည့်မထ(ထိပ်စ),ဝါးတန်းကုန်စည်ဒိုင်,2025-09-23,kg,"1,120",-40,-3.45%
633,ဆန်ဧည့်မထ(ထိပ်စ),ဝါးတန်းကုန်စည်ဒိုင်,2025-09-24,kg,"1,120",0,0.00%
634,ဆန်ဧည့်မထ(ထိပ်စ),ဝါးတန်းကုန်စည်ဒိုင်,2025-09-25,kg,"1,120",0,0.00%
635,ဆန်ဧည့်မထ(ထိပ်စ),ဝါးတန်းကုန်စည်ဒိုင်,2025-09-26,kg,"1,120",0,0.00%
636,ဆန်ဧည့်မထ(ထိပ်စ),ဝါးတန်းကုန်စည်ဒိုင်,2025-09-27,kg,"1,120",0,0.00%
637,ဆန်ဧည့်မထ(ထိပ်စ),ဝါးတန်းကုန်စည်ဒိုင်,2025-09-28,kg,"1,120",0,0.00%
638,ဆန်ဧည့်မထ(ထိပ်စ),ဝါးတန်းကုန်စည်ဒိုင်,2025-09-29,kg,"1,120",0,0.00%
639,ဆန်ဧည့်မထ(ထိပ်စ),ဝါးတန်းကုန်စည်ဒိုင်,2025-09-30,kg,"1,120",0,0.00%
640,ဆန်ဧည့်မထ(ထိပ်စ),ဝါးတန်းကုန်စည်ဒိုင်,2025-10-01,kg,"1,120",0,0.00%
641,ဆန်ဧည့်မထ(ထိပ်စ),ဝါးတန်းကုန်စည်ဒိုင်,2025-10-02,kg,"1,120",0,0.00%
642,ဆန်ဧည့်မထ(ထိပ်စ),ဝါးတန်းကုန်စည်ဒိုင်,2025-10-03,kg,"1,120",0,0.00%
643,ဆန်ဧည့်မထ(ထိပ်စ),ဝါးတန်းကုန်စည်ဒိုင်,2025-10-04,kg,"1,120",0,0.00%
644,ဆန်ဧည့်မထ(ထိပ်စ),ဝါးတန်းကုန်စည်ဒိုင်,2025-10-05,kg,"1,120",0,0.00%
645,ဆန်ဧည့်မထ(ထိပ်စ),ဝါးတန်းကုန်စည်ဒိုင်,2025-10-06,kg,"1,120",0,0.00%
646,ဆန်ဧည့်မထ(ထိပ်စ),ဝါးတန်းကုန်စည်ဒိုင်,2025-10-07,kg,"1,120",0,0.00%
647,ဆန်ဧည့်မထ(ထိပ်စ),ဝါးတန်းကုန်စည်ဒိုင်,2025-10-08,kg,"1,120",0,0.00%
648,ဆန်ဧည့်မထ(ထိပ်စ),ဝါးတန်းကုန်စည်ဒိုင်,2025-10-09,kg,"1,160",40,3.57%
649,ဆန်ဧည့်မထ(ထိပ်စ),ဝါးတန်းကုန်စည်ဒိုင်,2025-10-10,kg,"1,160",0,0.00%
650,ဆန်ဧည့်မထ(ထိပ်စ),ဝါးတန်းကုန်စည်ဒိုင်,2025-10-11,kg,"1,160",0,0.00%
651,ဆန်ဧည့်မထ(ထိပ်စ),ဝါးတန်းကုန်စည်ဒိုင်,2025-10-12,kg,"1,160",0,0.00%
652,ဆန်ဧည့်မထ(ထိပ်စ),ဝါးတန်းကုန်စည်ဒိုင်,2025-10-13,kg,"1,160",0,0.00%
653,ဆန်ဧည့်မထ(ထိပ်စ),ဝါးတန်းကုန်စည်ဒိုင်,2025-10-14,kg,"1,160",0,0.00%
654,ဆန်ဧည့်မထ(ထိပ်စ),ဝါးတန်းကုန်စည်ဒိုင်,2025-10-15,kg,"1,160",0,0.00%
655,ဆန်ဧည့်မထ(ထိပ်စ),ဝါးတန်းကုန်စည်ဒိုင်,2025-10-16,kg,"1,160",0,0.00%
656,ဆန်ဧည့်မထ(ထိပ်စ),ဝါးတန်းကုန်စည်ဒိုင်,2025-10-17,kg,"1,160",0,0.00%
657,ဆန်ဧည့်မထ(ထိပ်စ),ဝါးတန်းကုန်စည်ဒိုင်,2025-10-18,kg,"1,160",0,0.00%
658,ဆန်ဧည့်မထ(ထိပ်စ),ဝါးတန်းကုန်စည်ဒိုင်,2025-10-19,kg,"1,160",0,0.00%
659,ဆန်ဧည့်မထ(ထိပ်စ),ဝါးတန်းကုန်စည်ဒိုင်,2025-10-20,kg,"1,160",0,0.00%
660,ဆန်ဧည့်မထ(ထိပ်စ),ဝါးတန်းကုန်စည်ဒိုင်,2025-10-21,kg,"1,160",0,0.00%
661,ဆန်ဧည့်မထ(ထိပ်စ),ဝါးတန်းကုန်စည်ဒိုင်,2025-10-22,kg,"1,140",-20,-1.72%
662,ဆန်ဧည့်မထ(ထိပ်စ),ဝါးတန်းကုန်စည်ဒိုင်,2025-10-23,kg,"1,140",0,0.00%
663,ဆန်ဧည့်မထ(ထိပ်စ),ဝါးတန်းကုန်စည်ဒိုင်,2025-10-24,kg,"1,140",0,0.00%
664,ဆန်ဧည့်မထ(ထိပ်စ),ဝါးတန်းကုန်စည်ဒိုင်,2025-10-25,kg,"1,140",0,0.00%
665,ဆန်ဧည့်မထ(ထိပ်စ),ဝါးတန်းကုန်စည်ဒိုင်,2025-10-26,kg,"1,140",0,0.00%
666,ဆန်ဧည့်မထ(ထိပ်စ),ဝါးတန်းကုန်စည်ဒိုင်,2025-10-27,kg,"1,140",0,0.00%
667,ဆန်ဧည့်မထ(ထိပ်စ),ဝါးတန်းကုန်စည်ဒိုင်,2025-10-28,kg,"1,140",0,0.00%
668,ဆန်ဧည့်မထ(ထိပ်စ),ဝါးတန်းကုန်စည်ဒိုင်,2025-10-29,kg,"1,140",0,0.00%
669,ဆန်ဧည့်မထ(ထိပ်စ),ဝါးတန်းကုန်စည်ဒိုင်,2025-10-30,kg,"1,140",0,0.00%
670,ဆန်ဧည့်မထ(ထိပ်စ),ဝါးတန်းကုန်စည်ဒိုင်,2025-10-31,kg,"1,140",0,0.00%
671,ဆန်ဧည့်မထ(ထိပ်စ),ဝါးတန်းကုန်စည်ဒိုင်,2025-11-01,kg,"1,140",0,0.00%
672,ဆန်ဧည့်မထ(ထိပ်စ),ဝါးတန်းကုန်စည်ဒိုင်,2025-11-02,kg,"1,140",0,0.00%
673,ဆန်ဧည့်မထ(ထိပ်စ),ဝါးတန်းကုန်စည်ဒိုင်,2025-11-03,kg,"1,140",0,0.00%
674,ဆန်ဧည့်မထ(ထိပ်စ),ဝါးတန်းကုန်စည်ဒိုင်,2025-11-04,kg,"1,140",0,0.00%
675,ဆန်ဧည့်မထ(ထိပ်စ),ဝါးတန်းကုန်စည်ဒိုင်,2025-11-05,kg,"1,140",0,0.00%
676,ဆန်ဧည့်မထ(ထိပ်စ),ဝါးတန်းကုန်စည်ဒိုင်,2025-11-06,kg,"1,140",0,0.00%
677,ဆန်ဧည့်မထ(ထိပ်စ),ဝါးတန်းကုန်စည်ဒိုင်,2025-11-07,kg,"1,140",0,0.00%
678,ဆန်ဧည့်မထ(ထိပ်စ),ဝါးတန်းကုန်စည်ဒိုင်,2025-11-08,kg,"1,140",0,0.00%
679,ဆန်ဧည့်မထ(ထိပ်စ),ဝါးတန်းကုန်စည်ဒိုင်,2025-11-09,kg,"1,140",0,0.00%
680,ဆန်ဧည့်မထ(ထိပ်စ),ဝါးတန်းကုန်စည်ဒိုင်,2025-11-10,kg,"1,140",0,0.00%
681,ဆန်ဧည့်မထ(ထိပ်စ),ဝါးတန်းကုန်စည်ဒိုင်,2025-11-11,kg,"1,140",0,0.00%
682,ဆန်ဧည့်မထ(ထိပ်စ),ဝါးတန်းကုန်စည်ဒိုင်,2025-11-12,kg,"1,140",0,0.00%
683,ဆန်ဧည့်မထ(ထိပ်စ),ဝါးတန်းကုန်စည်ဒိုင်,2025-11-13,kg,"1,140",0,0.00%
684,ဆန်ဧည့်မထ(ထိပ်စ),ဝါးတန်းကုန်စည်ဒိုင်,2025-11-14,kg,"1,140",0,0.00%
685,ဆန်ဧည့်မထ(ထိပ်စ),ဝါးတန်းကုန်စည်ဒိုင်,2025-11-15,kg,"1,140",0,0.00%
686,ဆန်ဧည့်မထ(ထိပ်စ),ဝါးတန်းကုန်စည်ဒိုင်,2025-11-16,kg,"1,140",0,0.00%
687,ဆန်ဧည့်မထ(ထိပ်စ),ဝါးတန်းကုန်စည်ဒိုင်,2025-11-17,kg,"1,140",0,0.00%
688,ဆန်ဧည့်မထ(ထိပ်စ),ဝါးတန်းကုန်စည်ဒိုင်,2025-11-18,kg,"1,140",0,0.00%
689,ဆန်ဧည့်မထ(ထိပ်စ),ဝါးတန်းကုန်စည်ဒိုင်,2025-11-19,kg,"1,140",0,0.00%
690,ဆန်ဧည့်မထ(ထိပ်စ),ဝါးတန်းကုန်စည်ဒိုင်,2025-11-20,kg,"1,140",0,0.00%
691,ဆန်ဧည့်မထ(ထိပ်စ),ဝါးတန်းကုန်စည်ဒိုင်,2025-11-21,kg,"1,140",0,0.00%
692,ဆန်ဧည့်မထ(ထိပ်စ),ဝါးတန်းကုန်စည်ဒိုင်,2025-11-22,kg,"1,140",0,0.00%
693,ဆန်ဧည့်မထ(ထိပ်စ),ဝါးတန်းကုန်စည်ဒိုင်,2025-11-23,kg,"1,140",0,0.00%
694,ဆန်ဧည့်မထ(ထိပ်စ),ဝါးတန်းကုန်စည်ဒိုင်,2025-11-24,kg,"1,140",0,0.00%
695,ဆန်ဧည့်မထ(ထိပ်စ),ဝါးတန်းကုန်စည်ဒိုင်,2025-11-25,kg,"1,140",0,0.00%
696,ဆန်ဧည့်မထ(ထိပ်စ),ဝါးတန်းကုန်စည်ဒိုင်,2025-11-26,kg,"1,140",0,0.00%
697,ဆန်ဧည့်မထ(ထိပ်စ),ဝါးတန်းကုန်စည်ဒိုင်,2025-11-27,kg,"1,140",0,0.00%
698,ဆန်ဧည့်မထ(ထိပ်စ),ဝါးတန်းကုန်စည်ဒိုင်,2025-11-28,kg,"1,140",0,0.00%
699,ဆန်ဧည့်မထ(ထိပ်စ),ဝါးတန်းကုန်စည်ဒိုင်,2025-11-29,kg,"1,140",0,0.00%
700,ဆန်ဧည့်မထ(ထိပ်စ),ဝါးတန်းကုန်စည်ဒိုင်,2025-11-30,kg,"1,140",0,0.00%
701,ဆန်ဧည့်မထ(ထိပ်စ),ဝါးတန်းကုန်စည်ဒိုင်,2025-12-01,kg,"1,140",0,0.00%
702,ဆန်ဧည့်မထ(ထိပ်စ),ဝါးတန်းကုန်စည်ဒိုင်,2025-12-02,kg,"1,140",0,0.00%
703,ဆန်ဧည့်မထ(ထိပ်စ),ဝါးတန်းကုန်စည်ဒိုင်,2025-12-03,kg,"1,140",0,0.00%
704,ဆန်ဧည့်မထ(ထိပ်စ),ဝါးတန်းကုန်စည်ဒိုင်,2025-12-04,kg,"1,140",0,0.00%
705,ဆန်ဧည့်မထ(ထိပ်စ),ဝါးတန်းကုန်စည်ဒိုင်,2025-12-05,kg,"1,140",0,0.00%
706,ဆန်ဧည့်မထ(ထိပ်စ),ဝါးတန်းကုန်စည်ဒိုင်,2025-12-06,kg,"1,140",0,0.00%
707,ဆန်ဧည့်မထ(ထိပ်စ),ဝါးတန်းကုန်စည်ဒိုင်,2025-12-07,kg,"1,140",0,0.00%
708,ဆန်ဧည့်မထ(ထိပ်စ),ဝါးတန်းကုန်စည်ဒိုင်,2025-12-08,kg,"1,140",0,0.00%
709,ဆန်ဧည့်မထ(ထိပ်စ),ဝါးတန်းကုန်စည်ဒိုင်,2025-12-09,kg,"1,140",0,0.00%
710,ဆန်ဧည့်မထ(ထိပ်စ),ဝါးတန်းကုန်စည်ဒိုင်,2025-12-10,kg,"1,140",0,0.00%
711,ဆန်ဧည့်မထ(ထိပ်စ),ဝါးတန်းကုန်စည်ဒိုင်,2025-12-11,kg,"1,140",0,0.00%
712,ဆန်ဧည့်မထ(ထိပ်စ),ဝါးတန်းကုန်စည်ဒိုင်,2025-12-12,kg,"1,140",0,0.00%
713,ဆန်ဧည့်မထ(ထိပ်စ),ဝါးတန်းကုန်စည်ဒိုင်,2025-12-13,kg,"1,140",0,0.00%
714,ဆန်ဧည့်မထ(ထိပ်စ),ဝါးတန်းကုန်စည်ဒိုင်,2025-12-14,kg,"1,140",0,0.00%
715,ဆန်ဧည့်မထ(ထိပ်စ),ဝါးတန်းကုန်စည်ဒိုင်,2025-12-15,kg,"1,140",0,0.00%
716,ဆန်ဧည့်မထ(ထိပ်စ),ဝါးတန်းကုန်စည်ဒိုင်,2025-12-16,kg,"1,140",0,0.00%
717,ဆန်ဧည့်မထ(ထိပ်စ),ဝါးတန်းကုန်စည်ဒိုင်,2025-12-17,kg,"1,140",0,0.00%
718,ဆန်ဧည့်မထ(ထိပ်စ),ဝါးတန်းကုန်စည်ဒိုင်,2025-12-18,kg,"1,140",0,0.00%
719,ဆန်ဧည့်မထ(ထိပ်စ),ဝါးတန်းကုန်စည်ဒိုင်,2025-12-19,kg,"1,140",0,0.00%
720,ဆန်ဧည့်မထ(ထိပ်စ),ဝါးတန်းကုန်စည်ဒိုင်,2025-12-20,kg,"1,140",0,0.00%
721,ဆန်ဧည့်မထ(ထိပ်စ),ဝါးတန်းကုန်စည်ဒိုင်,2025-12-21,kg,"1,140",0,0.00%
722,ဆန်ဧည့်မထ(ထိပ်စ),ဝါးတန်းကုန်စည်ဒိုင်,2025-12-22,kg,"1,140",0,0.00%
723,ဆန်ဧည့်မထ(ထိပ်စ),ဝါးတန်းကုန်စည်ဒိုင်,2025-12-23,kg,"1,140",0,0.00%
724,ဆန်ဧည့်မထ(ထိပ်စ),ဝါးတန်းကုန်စည်ဒိုင်,2025-12-24,kg,"1,140",0,0.00%
725,ဆန်ဧည့်မထ(ထိပ်စ),ဝါးတန်းကုန်စည်ဒိုင်,2025-12-25,kg,"1,140",0,0.00%
726,ဆန်ဧည့်မထ(ထိပ်စ),ဝါးတန်းကုန်စည်ဒိုင်,2025-12-26,kg,"1,140",0,0.00%
727,ဆန်ဧည့်မထ(ထိပ်စ),ဝါးတန်းကုန်စည်ဒိုင်,2025-12-27,kg,"1,140",0,0.00%
728,ဆန်ဧည့်မထ(ထိပ်စ),ဝါးတန်းကုန်စည်ဒိုင်,2025-12-28,kg,"1,140",0,0.00%
729,ဆန်ဧည့်မထ(ထိပ်စ),ဝါးတန်းကုန်စည်ဒိုင်,2025-12-29,kg,"1,140",0,0.00%
730,ဆန်ဧည့်မထ(ထိပ်စ),ဝါးတန်းကုန်စည်ဒိုင်,2025-12-30,kg,"1,140",0,0.00%
731,ဆန်ဧည့်မထ(ထိပ်စ),ဝါးတန်းကုန်စည်ဒိုင်,2025-12-31,kg,"1,140",0,0.00%
732,ဆန်ဧည့်မထ(ထိပ်စ),ဝါးတန်းကုန်စည်ဒိုင်,2026-01-01,kg,"1,140",0,0.00%
733,ဆန်ဧည့်မထ(ထိပ်စ),ဝါးတန်းကုန်စည်ဒိုင်,2026-01-02,kg,"1,140",0,0.00%
734,ဆန်ဧည့်မထ(ထိပ်စ),ဝါးတန်းကုန်စည်ဒိုင်,2026-01-03,kg,"1,140",0,0.00%
735,ဆန်ဧည့်မထ(ထိပ်စ),ဝါးတန်းကုန်စည်ဒိုင်,2026-01-04,kg,"1,140",0,0.00%
736,ဆန်ဧည့်မထ(ထိပ်စ),ဝါးတန်းကုန်စည်ဒိုင်,2026-01-05,kg,"1,140",0,0.00%
737,ဆန်ဧည့်မထ(ထိပ်စ),ဝါးတန်းကုန်စည်ဒိုင်,2026-01-06,kg,"1,140",0,0.00%
738,ဆန်ဧည့်မထ(ထိပ်စ),ဝါးတန်းကုန်စည်ဒိုင်,2026-01-07,kg,"1,140",0,0.00%
739,ဆန်ဧည့်မထ(ထိပ်စ),ဝါးတန်းကုန်စည်ဒိုင်,2026-01-08,kg,"1,140",0,0.00%
740,ဆန်ဧည့်မထ(ထိပ်စ),ဝါးတန်းကုန်စည်ဒိုင်,2026-01-09,kg,"1,140",0,0.00%
741,ဆန်ဧည့်မထ(ထိပ်စ),ဝါးတန်းကုန်စည်ဒိုင်,2026-01-10,kg,"1,140",0,0.00%
742,ဆန်ဧည့်မထ(ထိပ်စ),ဝါးတန်းကုန်စည်ဒိုင်,2026-01-11,kg,"1,140",0,0.00%
743,ဆန်ဧည့်မထ(ထိပ်စ),ဝါးတန်းကုန်စည်ဒိုင်,2026-01-12,kg,"1,140",0,0.00%
744,ဆန်ဧည့်မထ(ထိပ်စ),ဝါးတန်းကုန်စည်ဒိုင်,2026-01-13,kg,"1,140",0,0.00%
745,ဆန်ဧည့်မထ(ထိပ်စ),ဝါးတန်းကုန်စည်ဒိုင်,2026-01-14,kg,"1,140",0,0.00%
746,ဆန်ဧည့်မထ(ထိပ်စ),ဝါးတန်းကုန်စည်ဒိုင်,2026-01-15,kg,"1,140",0,0.00%
747,ဆန်ဧည့်မထ(ထိပ်စ),ဝါးတန်းကုန်စည်ဒိုင်,2026-01-16,kg,"1,140",0,0.00%
748,ဆန်ဧည့်မထ(ထိပ်စ),ဝါးတန်းကုန်စည်ဒိုင်,2026-01-17,kg,"1,140",0,0.00%
749,ဆန်ဧည့်မထ(ထိပ်စ),ဝါးတန်းကုန်စည်ဒိုင်,2026-01-18,kg,"1,140",0,0.00%
750,ဆန်ဧည့်မထ(ထိပ်စ),ဝါးတန်းကုန်စည်ဒိုင်,2026-01-19,kg,"1,140",0,0.00%
751,ဆန်ဧည့်မထ(ထိပ်စ),ဝါးတန်းကုန်စည်ဒိုင်,2026-01-20,kg,"1,140",0,0.00%
752,ဆန်ဧည့်မထ(ထိပ်စ),ဝါးတန်းကုန်စည်ဒိုင်,2026-01-21,kg,"1,140",0,0.00%
753,ဆန်ဧည့်မထ(ထိပ်စ),ဝါးတန်းကုန်စည်ဒိုင်,2026-01-22,kg,"1,140",0,0.00%
754,ဆန်ဧည့်မထ(ထိပ်စ),ဝါးတန်းကုန်စည်ဒိုင်,2026-01-23,kg,"1,140",0,0.00%
755,ဆန်ဧည့်မထ(ထိပ်စ),ဝါးတန်းကုန်စည်ဒိုင်,2026-01-24,kg,"1,140",0,0.00%
756,ဆန်ဧည့်မထ(ထိပ်စ),ဝါးတန်းကုန်စည်ဒိုင်,2026-01-25,kg,"1,140",0,0.00%
757,ဆန်ဧည့်မထ(ထိပ်စ),ဝါးတန်းကုန်စည်ဒိုင်,2026-01-26,kg,"1,140",0,0.00%
758,ဆန်ဧည့်မထ(ထိပ်စ),ဝါးတန်းကုန်စည်ဒိုင်,2026-01-27,kg,"1,140",0,0.00%
759,ဆန်ဧည့်မထ(ထိပ်စ),ဝါးတန်းကုန်စည်ဒိုင်,2026-01-28,kg,"1,140",0,0.00%
760,ဆန်ဧည့်မထ(ထိပ်စ),ဝါးတန်းကုန်စည်ဒိုင်,2026-01-29,kg,"1,140",0,0.00%
761,ဆန်ဧည့်မထ(ထိပ်စ),ဝါးတန်းကုန်စည်ဒိုင်,2026-01-30,kg,"1,140",0,0.00%
762,ဆန်ဧည့်မထ(ထိပ်စ),ဝါးတန်းကုန်စည်ဒိုင်,2026-01-31,kg,"1,140",0,0.00%
763,ဆန်ဧည့်မထ(ထိပ်စ),ဝါးတန်းကုန်စည်ဒိုင်,2026-02-01,kg,"1,140",0,0.00%
764,ဆန်ဧည့်မထ(ထိပ်စ),ဝါးတန်းကုန်စည်ဒိုင်,2026-02-02,kg,"1,140",0,0.00%
765,ဆန်ဧည့်မထ(ထိပ်စ),ဝါးတန်းကုန်စည်ဒိုင်,2026-02-03,kg,"1,140",0,0.00%
766,ဆန်ဧည့်မထ(ထိပ်စ),ဝါးတန်းကုန်စည်ဒိုင်,2026-02-04,kg,"1,140",0,0.00%
767,ဆန်ဧည့်မထ(ထိပ်စ),ဝါးတန်းကုန်စည်ဒိုင်,2026-02-05,kg,"1,140",0,0.00%
768,ဆန်ဧည့်မထ(ထိပ်စ),ဝါးတန်းကုန်စည်ဒိုင်,2026-02-06,kg,"1,140",0,0.00%
769,ဆန်ဧည့်မထ(ထိပ်စ),ဝါးတန်းကုန်စည်ဒိုင်,2026-02-07,kg,"1,140",0,0.00%
770,ဆန်ဧည့်မထ(ထိပ်စ),ဝါးတန်းကုန်စည်ဒိုင်,2026-02-08,kg,"1,140",0,0.00%
771,ဆန်ဧည့်မထ(ထိပ်စ),ဝါးတန်းကုန်စည်ဒိုင်,2026-02-09,kg,"1,140",0,0.00%
772,ဆန်ဧည့်မထ(ထိပ်စ),ဝါးတန်းကုန်စည်ဒိုင်,2026-02-10,kg,"1,140",0,0.00%
773,ဆန်ဧည့်မထ(ထိပ်စ),ဝါးတန်းကုန်စည်ဒိုင်,2026-02-11,kg,"1,140",0,0.00%
774,ဆန်ဧည့်မထ(ထိပ်စ),ဝါးတန်းကုန်စည်ဒိုင်,2026-02-12,kg,"1,140",0,0.00%
775,ဆန်ဧည့်မထ(ထိပ်စ),ဝါးတန်းကုန်စည်ဒိုင်,2026-02-13,kg,"1,140",0,0.00%
776,ဆန်ဧည့်မထ(ထိပ်စ),ဝါးတန်းကုန်စည်ဒိုင်,2026-02-14,kg,"1,140",0,0.00%
777,ဆန်ဧည့်မထ(ထိပ်စ),ဝါးတန်းကုန်စည်ဒိုင်,2026-02-15,kg,"1,140",0,0.00%
778,ဆန်ဧည့်မထ(ထိပ်စ),ဝါးတန်းကုန်စည်ဒိုင်,2026-02-16,kg,"1,140",0,0.00%
779,ဆန်ဧည့်မထ(ထိပ်စ),ဝါးတန်းကုန်စည်ဒိုင်,2026-02-17,kg,"1,140",0,0.00%
780,ဆန်ဧည့်မထ(ထိပ်စ),ဝါးတန်းကုန်စည်ဒိုင်,2026-02-18,kg,"1,140",0,0.00%
781,ဆန်ဧည့်မထ(ထိပ်စ),ဝါးတန်းကုန်စည်ဒိုင်,2026-02-19,kg,"1,140",0,0.00%
782,ဆန်ဧည့်မထ(ထိပ်စ),ဝါးတန်းကုန်စည်ဒိုင်,2026-02-20,kg,"1,140",0,0.00%
783,ဆန်ဧည့်မထ(ထိပ်စ),ဝါးတန်းကုန်စည်ဒိုင်,2026-02-21,kg,"1,140",0,0.00%
784,ဆန်ဧည့်မထ(ထိပ်စ),ဝါးတန်းကုန်စည်ဒိုင်,2026-02-22,kg,"1,140",0,0.00%
785,ဆန်ဧည့်မထ(ထိပ်စ),ဝါးတန်းကုန်စည်ဒိုင်,2026-02-23,kg,"1,140",0,0.00%
786,ဆန်ဧည့်မထ(ထိပ်စ),ဝါးတန်းကုန်စည်ဒိုင်,2026-02-24,kg,"1,140",0,0.00%
787,ဆန်ဧည့်မထ(ထိပ်စ),ဝါးတန်းကုန်စည်ဒိုင်,2026-02-25,kg,"1,140",0,0.00%
788,ဆန်ဧည့်မထ(ထိပ်စ),ဝါးတန်းကုန်စည်ဒိုင်,2026-02-26,kg,"1,140",0,0.00%
